,SUB_NAME,CATEGORY
0,buildapc,Technology
1,doctorwho,Entertainment
2,leagueoflegends,Games
3,tifu,Lifestyles
4,investing,Business / Finance
5,Borderlands,Games
6,hardware,Technology
7,Redskins,Sports
8,DarkSouls2,Games
9,feedthebeast,Games
10,Python,Technology
11,nhl,Sports
12,Tinder,Lifestyles
13,LosAngeles,Local
14,linux4noobs,Technology
15,baseball,Sports
16,relationship_advice,Lifestyles
17,playark,Games
18,OkCupid,Lifestyles
19,javascript,Technology
20,noveltranslations,Entertainment
21,StarWarsBattlefront,Games
22,MechanicAdvice,Automotive
23,Warhammer,Games
24,steelers,Sports
25,teenagers,Lifestyles
26,FanTheories,Entertainment
27,Jaguars,Sports
28,Browns,Sports
29,nintendo,Games
30,eu4,Games
31,CompetitiveHS,Games
32,gamegrumps,Games
33,beer,Lifestyles
34,polandball,Entertainment
35,Cooking,Lifestyles
36,pcmasterrace,Games
37,Showerthoughts,Lifestyles
38,ffxiv,Games
39,FloridaGators,Sports
40,BoJackHorseman,Entertainment
41,SandersForPresident,Local
42,LAClippers,Sports
43,Miata,Automotive
44,RocketLeague,Games
45,math,Technology
46,Fantasy,Entertainment
47,nba,Sports
48,Ubuntu,Technology
49,legaladvice,Business / Finance
50,ECE,Technology
51,AndroidGaming,Games
52,unitedkingdom,Local
53,gravityfalls,Entertainment
54,Basketball,Sports
55,boston,Local
56,nosleep,Entertainment
57,TrollXChromosomes,Lifestyles
58,scifi,Entertainment
59,GameSale,Games
60,mildlyinfuriating,Lifestyles
61,FinalFantasy,Games
62,WGU,College / University
63,FoodPorn,Lifestyles
64,Seahawks,Sports
65,CryptoCurrency,Business / Finance
66,paydaytheheist,Games
67,Indiemakeupandmore,Lifestyles
68,Undertale,Games
69,gamedev,Technology
70,UTAustin,College / University
71,TechNewsToday,Technology
72,BigBrother,Entertainment
73,watercooling,Technology
74,ProgrammerHumor,Technology
75,techsupportgore,Technology
76,bicycling,Sports
77,buccaneers,Sports
78,roosterteeth,Entertainment
79,NewYorkMets,Sports
80,Fishing,Sports
81,metalgearsolid,Games
82,history,Lifestyles
83,androidapps,Technology
84,MakeupAddiction,Lifestyles
85,Porsche,Automotive
86,Baking,Lifestyles
87,AskScienceFiction,Lifestyles
88,learnprogramming,Technology
89,StarWars,Entertainment
90,GetStudying,College / University
91,LonghornNation,Sports
92,Homebrewing,Lifestyles
93,Breadit,Lifestyles
94,audioengineering,Technology
95,Thunder,Sports
96,miamidolphins,Sports
97,FIFA,Sports
98,skyrimmods,Technology
99,PuzzleAndDragons,Games
100,Unity3D,Technology
101,Dodgers,Sports
102,dogs,Lifestyles
103,cpp,Technology
104,LifeProTips,Business / Finance
105,mlb,Sports
106,femalefashionadvice,Lifestyles
107,bodyweightfitness,Health
108,Guitar,Entertainment
109,NBA2k,Games
110,oneplus,Technology
111,C25K,Health
112,applehelp,Technology
113,Seattle,Local
114,askscience,Lifestyles
115,Scotch,Lifestyles
116,manga,Entertainment
117,tech,Technology
118,Diablo,Games
119,deals,Retail
120,melbourne,Local
121,selfimprovement,Lifestyles
122,toronto,Local
123,foodhacks,Lifestyles
124,Volkswagen,Automotive
125,snowboarding,Sports
126,malelivingspace,Lifestyles
127,stopdrinking,Lifestyles
128,overlanding,Automotive
129,AskMen,Lifestyles
130,DotA2,Games
131,india,Local
132,halo,Games
133,funny,Entertainment
134,granturismo,Automotive
135,falcons,Sports
136,forza,Automotive
137,WeAreTheMusicMakers,Entertainment
138,gatech,College / University
139,leangains,Health
140,LadyBoners,Entertainment
141,newzealand,Local
142,elderscrollsonline,Games
143,ft86,Automotive
144,canada,Local
145,DnD,Games
146,MapPorn,Lifestyles
147,Braves,Sports
148,WeirdWheels,Automotive
149,Gunners,Sports
150,starcitizen,Games
151,Terraria,Games
152,vancouver,Local
153,FlashTV,Entertainment
154,anime,Entertainment
155,KerbalSpaceProgram,Games
156,xxfitness,Health
157,denvernuggets,Sports
158,canucks,Sports
159,community,Entertainment
160,OnePunchMan,Entertainment
161,UIUC,College / University
162,UofT,College / University
163,LiverpoolFC,Sports
164,iamverysmart,Lifestyles
165,CODZombies,Games
166,diablo3,Games
167,techsupport,Technology
168,Military,Lifestyles
169,SuggestALaptop,Technology
170,bleach,Entertainment
171,3DS,Games
172,explainlikeimfive,Lifestyles
173,TalesFromRetail,Lifestyles
174,youtube,Entertainment
175,UCI,College / University
176,technology,Local
177,2007scape,Games
178,britishproblems,Lifestyles
179,asoiaf,Entertainment
180,runescape,Games
181,lifehacks,Lifestyles
182,verizon,Technology
183,mac,Technology
184,cscareerquestions,Technology
185,jailbreak,Local
186,Fitness,Health
187,Texans,Sports
188,Guildwars2,Games
189,Roku,Entertainment
190,instant_regret,Lifestyles
191,YouShouldKnow,Business / Finance
192,leafs,Sports
193,yorku,College / University
194,ABraThatFits,Lifestyles
195,berkeley,College / University
196,AdviceAnimals,Lifestyles
197,Nationals,Sports
198,facepalm,Lifestyles
199,Autos,Automotive
200,Naruto,Entertainment
201,southpark,Entertainment
202,dwarffortress,Games
203,audiophile,Entertainment
204,cordcutters,Entertainment
205,HistoryPorn,Lifestyles
206,Watches,Lifestyles
207,photography,Lifestyles
208,bengals,Sports
209,relationships,Lifestyles
210,Warthunder,Games
211,running,Health
212,raspberry_pi,Technology
213,Cartalk,Automotive
214,buildapcforme,Technology
215,golf,Sports
216,portugal,Local
217,HomeImprovement,Lifestyles
218,utdallas,College / University
219,hackintosh,Technology
220,programming,Technology
221,BBQ,Lifestyles
222,Chargers,Sports
223,gtaonline,Games
224,lakers,Sports
225,breakingbad,Entertainment
226,fairytail,Entertainment
227,amiibo,Games
228,farcry,Games
229,AskCulinary,Lifestyles
230,pokemon,Entertainment
231,tmobile,Technology
232,Piracy,Lifestyles
233,Audi,Automotive
234,DBZDokkanBattle,Games
235,rupaulsdragrace,Entertainment
236,OutOfTheLoop,Lifestyles
237,Honda,Automotive
238,offmychest,Lifestyles
239,ireland,Local
240,CFB,Sports
241,Bitcoin,Business / Finance
242,Philippines,Local
243,lotr,Entertainment
244,whowouldwin,Lifestyles
245,GradSchool,College / University
246,NetflixBestOf,Entertainment
247,Astros,Sports
248,childfree,Lifestyles
249,UBC,College / University
250,AskReddit,Lifestyles
251,bladeandsoul,Games
252,bestof,Lifestyles
253,appletv,Technology
254,Android,Technology
255,batman,Entertainment
256,Documentaries,Entertainment
257,DetroitRedWings,Sports
258,ios,Technology
259,phillies,Sports
260,GameDeals,Retail
261,technews,Technology
262,tf2,Games
263,software,Technology
264,jobs,Lifestyles
265,beards,Lifestyles
266,TheGirlSurvivalGuide,Lifestyles
267,supremeclothing,Lifestyles
268,Futurology,Technology
269,loseit,Health
270,AMA,Lifestyles
271,BitcoinMarkets,Technology
272,motorcycles,Sports
273,AutoDetailing,Automotive
274,vita,Games
275,AskWomen,Lifestyles
276,androidthemes,Technology
277,malehairadvice,Lifestyles
278,Jeep,Automotive
279,UCSantaBarbara,College / University
280,malegrooming,Lifestyles
281,StarWarsLeaks,Entertainment
282,yugioh,Entertainment
283,fitmeals,Lifestyles
284,dbz,Entertainment
285,sweden,Local
286,TopGear,Entertainment
287,france,Local
288,assassinscreed,Games
289,fo4,Games
290,Tennesseetitans,Sports
291,aggies,College / University
292,videos,Entertainment
293,chicagobulls,Sports
294,nonononoyes,Lifestyles
295,BeautyBoxes,Lifestyles
296,GlobalOffensive,Games
297,casualiama,Lifestyles
298,MechanicalKeyboards,Technology
299,harrypotter,Entertainment
300,oaklandraiders,Sports
301,EngineeringStudents,Technology
302,mazda3,Automotive
303,television,Entertainment
304,Frugal,Business / Finance
305,summonerschool,Games
306,dataisbeautiful,Technology
307,gaming,Games
308,Steam,Games
309,apple,Technology
310,coding,Technology
311,nottheonion,Entertainment
312,uAlberta,College / University
313,rawdenim,Lifestyles
314,eatsandwiches,Lifestyles
315,grilling,Lifestyles
316,Pizza,Lifestyles
317,argentina,Local
318,atheism,Lifestyles
319,bindingofisaac,Games
320,heroesofthestorm,Games
321,BabyBumps,Lifestyles
322,WritingPrompts,Lifestyles
323,emulation,Technology
324,Saints,Sports
325,magicTCG,Games
326,AskHistorians,Lifestyles
327,science,Lifestyles
328,Parenting,Family &amp; Youth
329,AZCardinals,Sports
330,Patriots,Sports
331,singapore,Local
332,AndroidQuestions,Technology
333,java,Technology
334,starcraft,Games
335,ravens,Sports
336,orangeisthenewblack,Entertainment
337,Amd,Technology
338,netflix,Entertainment
339,PS4Deals,Games
340,askwomenadvice,Lifestyles
341,BuyItForLife,Lifestyles
342,MMA,Sports
343,TwoXChromosomes,Lifestyles
344,spaceengineers,Technology
345,rpg,Games
346,standupshots,Entertainment
347,kpop,Entertainment
348,recipes,Lifestyles
349,rickandmorty,Entertainment
350,formula1,Sports
351,Cardinals,Sports
352,futurama,Entertainment
353,smoking,Lifestyles
354,Habs,Sports
355,Minecraft,Games
356,SBU,College / University
357,electricvehicles,Automotive
358,frugalmalefashion,Lifestyles
359,pcgaming,Games
360,aww,Lifestyles
361,fantasybball,Sports
362,announcements,Lifestyles
363,chrome,Technology
364,rockets,Sports
365,eagles,Sports
366,samsung,Technology
367,PHP,Technology
368,nyjets,Sports
369,smashbros,Games
370,redsox,Sports
371,civ,Games
372,xboxone,Games
373,TrollYChromosome,Lifestyles
374,Rainbow6,Games
375,SkincareAddiction,Lifestyles
376,nfl,Sports
377,totalwar,Games
378,Smite,Games
379,TheSimpsons,Entertainment
380,self,Lifestyles
381,ClashOfClans,Games
382,oddlysatisfying,Lifestyles
383,ASU,College / University
384,gameofthrones,Entertainment
385,slowcooking,Lifestyles
386,headphones,Technology
387,Warframe,Games
388,Sprint,Technology
389,iphone,Technology
390,linuxquestions,Technology
391,socialskills,Lifestyles
392,conspiracy,Lifestyles
393,panthers,Sports
394,rocketbeans,Games
395,Twitch,Entertainment
396,veganrecipes,Lifestyles
397,KansasCityChiefs,Sports
398,swtor,Games
399,MachineLearning,Technology
400,japan,Local
401,HomeworkHelp,Lifestyles
402,footballhighlights,Sports
403,EarthPorn,Lifestyles
404,space,Lifestyles
405,PleX,Technology
406,Purdue,College / University
407,bloodborne,Games
408,ottawa,Local
409,Calgary,Local
410,photoshopbattles,Lifestyles
411,Mommit,Family &amp; Youth
412,spicy,Lifestyles
413,SquaredCircle,Sports
414,lego,Games
415,mazda,Automotive
416,GrandTheftAutoV,Games
417,MkeBucks,Sports
418,torontoraptors,Sports
419,dayz,Games
420,malefashionadvice,Lifestyles
421,FancyFollicles,Lifestyles
422,listentothis,Entertainment
423,Games,Games
424,Mavericks,Sports
425,Cloud9,Technology
426,soccer,Sports
427,travel,Travel
428,nutrition,Health
429,iosgaming,Technology
430,horror,Entertainment
431,OldSchoolCool,Lifestyles
432,hardwareswap,Technology
433,r4r,Lifestyles
434,vinyl,Entertainment
435,curlyhair,Lifestyles
436,unrealengine,Technology
437,nflstreams,Sports
438,climbing,Sports
439,Drugs,Lifestyles
440,OSU,College / University
441,streetwear,Lifestyles
442,coys,Sports
443,keto,Health
444,MonsterHunter,Games
445,budgetfood,Lifestyles
446,KitchenConfidential,Lifestyles
447,backpacking,Travel
448,politics,Lifestyles
449,techsupportmacgyver,Technology
450,OnePiece,Entertainment
451,sixers,Sports
452,windows,Technology
453,4x4,Automotive
454,Makeup,Lifestyles
455,Sneakers,Lifestyles
456,subaru,Automotive
457,longboarding,Sports
458,PS4,Games
459,RedditLaqueristas,Lifestyles
460,UCSD,College / University
461,DestinyTheGame,Games
462,books,Entertainment
463,movies,Entertainment
464,chicago,Local
465,overclocking,Technology
466,49ers,Sports
467,Overwatch,Games
468,Windows10,Technology
469,youtubehaiku,Entertainment
470,CitiesSkylines,Lifestyles
471,ArcherFX,Entertainment
472,Huskers,College / University
473,GolfGTI,Automotive
474,The_Crew,Automotive
475,Monitors,Technology
476,skyrim,Games
477,Eve,Games
478,hiphopheads,Entertainment
479,mylittlepony,Entertainment
480,DenverBroncos,Sports
481,googleplaydeals,Technology
482,declutter,Lifestyles
483,BMW,Automotive
484,london,Local
485,CoDCompetitive,Games
486,wiiu,Games
487,spotted,Automotive
488,NYKnicks,Sports
489,GreenBayPackers,Sports
490,CHIBears,Sports
491,creepy,Lifestyles
492,thewalkingdead,Entertainment
493,DecidingToBeBetter,Lifestyles
494,news,Lifestyles
495,nvidia,Technology
496,Fallout,Games
497,wow,Games
498,cats,Lifestyles
499,reddevils,Sports
500,DCcomics,Entertainment
501,google,Technology
502,bostonceltics,Sports
503,europe,Local
504,witcher,Games
505,androiddev,Technology
506,detroitlions,Sports
507,Chromecast,Technology
508,mcgill,College / University
509,pics,Lifestyles
510,geek,Technology
511,ipad,Technology
512,dndnext,Games
513,sto,Games
514,EdmontonOilers,Sports
515,fantasyfootball,Sports
516,wedding,Lifestyles
517,cowboys,Sports
518,InternetIsBeautiful,Technology
519,buffalobills,Sports
520,oculus,Games
521,excel,Technology
522,tipofmytongue,Entertainment
523,battlefield_4,Games
524,Torontobluejays,Sports
525,philosophy,Lifestyles
526,AsianBeauty,Lifestyles
527,Brewers,Sports
528,Mustang,Automotive
529,askcarsales,Automotive
530,CollegeBasketball,Sports
531,barstoolsports,Sports
532,worldnews,Lifestyles
533,startrek,Entertainment
534,gainit,Health
535,comics,Entertainment
536,GTAV,Games
537,AppHookup,Technology
538,uwaterloo,College / University
539,netsec,Technology
540,mildlyinteresting,Lifestyles
541,NYGiants,Sports
542,progresspics,Health
543,EliteDangerous,Games
544,Xcom,Games
545,INDYCAR,Automotive
546,UMD,College / University
547,adventuretime,Entertainment
548,GetMotivated,Lifestyles
549,daddit,Family &amp; Youth
550,battlestations,Technology
551,CasualConversation,Lifestyles
552,cars,Automotive
553,hometheater,Lifestyles
554,productivity,Lifestyles
555,ketorecipes,Lifestyles
556,buildapcsales,Local
557,Music,Entertainment
558,chelseafc,Sports
559,thesims,Games
560,bravefrontier,Games
561,UnresolvedMysteries,Entertainment
562,networking,Technology
563,college,College / University
564,sysadmin,Technology
565,Entrepreneur,Business / Finance
566,Madden,Games
567,solotravel,Travel
568,Coffee,Lifestyles
569,Colts,Sports
570,Shoestring,Travel
571,Surface,Technology
572,Health,Health
573,NBASpurs,Sports
574,web_design,Technology
575,summonerswar,Games
576,PS3,Games
577,fitbit,Health
578,sousvide,Lifestyles
579,Jokes,Lifestyles
580,gifs,Lifestyles
581,wicked_edge,Lifestyles
582,todayilearned,Lifestyles
583,talesfromtechsupport,Technology
584,SFGiants,Sports
585,CrusaderKings,Games
586,Filmmakers,Entertainment
587,ATT,Technology
588,arrow,Entertainment
589,nyc,Local
590,Advice,Lifestyles
591,linux,Technology
592,shortscarystories,Entertainment
593,crossfit,Sports
594,IAmA,Lifestyles
595,changemyview,Local
596,tennis,Sports
597,dragonage,Games
598,suns,Sports
599,australia,Local
600,bodybuilding,Health
601,Austin,Local
602,ufc,Sports
603,hockey,Sports
604,electronic_cigarette,Lifestyles
605,UpliftingNews,Local
606,beauty,Lifestyles
607,Marvel,Entertainment
608,webdev,Technology
609,marvelstudios,Entertainment
610,personalfinance,Business / Finance
611,DIY,Lifestyles
612,MMORPG,Games
613,Multicopter,Technology
614,Etsy,Lifestyles
615,woahdude,Lifestyles
616,boardgames,Games
617,TheLastAirbender,Entertainment
618,whatcarshouldIbuy,Automotive
619,food,Lifestyles
620,pathofexile,Games
621,ucf,College / University
622,MLS,Sports
623,MURICA,Entertainment
624,TumblrInAction,Entertainment
625,gadgets,Technology
626,de,Local
627,IASIP,Entertainment
628,iOSthemes,Technology
629,TeamSolomid,Games
630,ucla,College / University
631,Art,Lifestyles
632,rutgers,College / University
633,comicbooks,Entertainment
634,engineering,Technology
635,needforspeed,Games
636,NASCAR,Sports
637,minnesotavikings,Sports
638,compsci,Technology
639,Portland,Local
640,sports,Sports
641,hearthstone,Games
642,Boxing,Sports
643,warriors,Sports
