,SUB_NAME,FULLNAME
0,pettyrevenge,t5_2vg7t
1,Sissydating,t5_4eh6a
2,florida,t5_2qh7q
3,replications,t5_341j0
4,analog,t5_2r344
5,AskPhotography,t5_2t96o
6,Divorce,t5_2qipv
7,Supplements,t5_2qhb8
8,TwoXChromosomes,t5_2r2jt
9,savedyouaclick,t5_323r3
10,Cooking,t5_2qh7f
11,firstworldproblems,t5_2sa5n
12,MaddenMobileForums,t5_34m8j
13,mexico,t5_2qhv7
14,facebookwins,t5_2uhfi
15,TopGear,t5_2r9n6
16,supersmashbros,t5_2s5ln
17,pihole,t5_39spl
18,cycling,t5_2qhyi
19,ItHadToBeBrazil,t5_a3t2u
20,TowerofGod,t5_2t4sj
21,ElectricSkateboarding,t5_32hd6
22,HQDesi,t5_3kfah
23,iphone,t5_2qh2b
24,GreenBayPackers,t5_2qqd2
25,indianpeoplefacebook,t5_354cl
26,nothingeverhappens,t5_31tp1
27,engrish,t5_2qmxz
28,tuckedinkitties,t5_2zoo7
29,DragaliaLost,t5_iizu7
30,Cuphead,t5_32491
31,magicthecirclejerking,t5_2tz1z
32,AAAAAAAAAAAAAAAAA,t5_31xdu
33,shittyreactiongifs,t5_2tsod
34,IASIP,t5_2s28b
35,Incorgnito,t5_3o2iq
36,fcbayern,t5_2sgxj
37,iamatotalpieceofshit,t5_3jj03
38,bengals,t5_2rehg
39,TaylorSwift,t5_2rlwe
40,socialmedia,t5_2qi2m
41,labrats,t5_2srnv
42,AfterEffects,t5_2rc1h
43,grandrapids,t5_2qi0v
44,bulletjournal,t5_33po3
45,Instantregret,t5_2zfcc
46,The100,t5_2x5yb
47,ScottishFootball,t5_2sba4
48,SCJerk,t5_3ckoa
49,cigars,t5_2r090
50,wildhearthstone,t5_3c9yt
51,recruitinghell,t5_3bwcw
52,AskNYC,t5_2uqch
53,JUSTNOFAMILY,t5_3a182
54,hotas,t5_32txt
55,MouseReview,t5_2vlxi
56,Seahawks,t5_2ryle
57,Xenoblade_Chronicles,t5_2vcc3
58,apple,t5_2qh1f
59,NFA,t5_2s7fq
60,verizon,t5_2raz5
61,GetStudying,t5_2tl44
62,electriczoo,t5_2ttsq
63,forsen,t5_33td5
64,ApplyingToCollege,t5_2y2r8
65,toarumajutsunoindex,t5_2t51t
66,DrStone,t5_3izxj
67,AskMenOver30,t5_2y9pw
68,Purdue,t5_2qoyi
69,wowthissubexists,t5_2y9sy
70,books,t5_2qh4i
71,Weddingsunder10k,t5_2vplf
72,Cosmere,t5_2t7vi
73,arresteddevelopment,t5_2qrap
74,cursedjojo,t5_x5xyr
75,sneakermarket,t5_2ssg4
76,Glocks,t5_2v6xn
77,Smite,t5_2stl8
78,mbti,t5_2s90r
79,NBA2k,t5_2s84e
80,donthelpjustfilm,t5_3pyfl
81,HIMYM,t5_2rcqy
82,Iota,t5_2uyxv
83,FancyFollicles,t5_2sa9a
84,whatsthisplant,t5_2si8i
85,Whatcouldgowrong,t5_2x2oy
86,MLS,t5_2rbnb
87,AngieGriffin,t5_30h1d
88,footballmanagergames,t5_2s0w5
89,BeansInThings,t5_3jbtl
90,peopleofwalmart,t5_2tqd4
91,visualnovels,t5_2r5yf
92,n64,t5_2s34r
93,wtfstockphotos,t5_2thci
94,Austin,t5_2qhn5
95,Boruto,t5_34e1h
96,TsukiAdventure,t5_smtnu
97,ShitpostXIV,t5_3lacy
98,OverwatchTMZ,t5_3keit
99,help,t5_2qh4a
100,Marvel,t5_2r40o
101,soccerstreamreds,t5_237b8v
102,ethfinance,t5_v7civ
103,Retconned,t5_3fft0
104,socialskills,t5_2r275
105,Midessa,t5_2she3
106,Old_Recipes,t5_13kjsj
107,HotWheels,t5_2sj2w
108,CreditCards,t5_2qmhl
109,HaircareScience,t5_2y8kx
110,Terraria,t5_2sg5b
111,DetroitBecomeHuman,t5_3ajb0
112,blogsnark,t5_39xf0
113,dbz,t5_2sdu8
114,RedPillWomen,t5_2xing
115,asktransgender,t5_2r4b9
116,sushi,t5_2qm24
117,evilbuildings,t5_3ckh2
118,HumanPorn,t5_2sen9
119,SUBREDDITNAME,t5_2svhy
120,arcticmonkeys,t5_2sx6y
121,90dayfianceuncensored,t5_3o6nf
122,bodymods,t5_2qj5t
123,oaklandraiders,t5_2reby
124,Justrolledintotheshop,t5_2tteh
125,KeyforgeGame,t5_mn4o9
126,LiaMarieJohnson,t5_2truh
127,smoobypost,t5_3d6yb
128,TIHI,t5_r1l2z
129,shittyfoodporn,t5_2u1if
130,chess,t5_2qhr7
131,terracehouse,t5_32sg0
132,Maplestory,t5_2rrdo
133,DnDBehindTheScreen,t5_36c1q
134,PS4,t5_2rrlp
135,Drugs,t5_2qh7l
136,bostonceltics,t5_2qmkf
137,knives,t5_2qzyn
138,NLSSCircleJerk,t5_2xshw
139,photocritique,t5_2qymy
140,Lyft,t5_2uz8x
141,baltimore,t5_2qipq
142,minnesota,t5_2qhxs
143,PlasticSurgery,t5_2qkya
144,WrestleWithThePlot,t5_30y4t
145,ArchitecturePorn,t5_2skim
146,BreakUps,t5_2ra79
147,totallynotrobots,t5_38rmh
148,Astroneer,t5_3a7t1
149,UnsentLetters,t5_2seir
150,linuxadmin,t5_2r9lc
151,Documentaries,t5_2qhlh
152,MLBTheShow,t5_2tjde
153,ShitPoliticsSays,t5_2vcl0
154,askphilosophy,t5_2sc5r
155,happycryingdads,t5_3232g
156,HelpMeFind,t5_2r6t5
157,Frat,t5_2s0mx
158,YandhiLeaks,t5_xmlnr
159,Pathfinder_Kingmaker,t5_idyrj
160,Needafriend,t5_2qtp9
161,darknet,t5_2revo
162,TrueFilm,t5_2szp0
163,FragileMaleRedditor,t5_n8im4
164,ITCareerQuestions,t5_30560
165,MakeNewFriendsHere,t5_2vfcm
166,TheDragonPrince,t5_lghxu
167,JRPG,t5_2quw1
168,EliteDangerous,t5_2vi60
169,Neverwinter,t5_2sn0p
170,FortniteCompetitive,t5_ac643
171,canadaguns,t5_2tzuf
172,Drumkits,t5_30zkv
173,OWConsole,t5_3f3wt
174,software,t5_2qh19
175,youtubetv,t5_3jb4g
176,nvidia,t5_2rlgy
177,TalesFromYourServer,t5_2v480
178,Artifact,t5_31338
179,europe,t5_2qh4j
180,animalsdoingstuff,t5_snj8v
181,whatintarnation,t5_3irjz
182,KidsAreFuckingStupid,t5_3948y
183,Botchedsurgeries,t5_3pmyi
184,FondantHate,t5_3a6re
185,aww,t5_2qh1o
186,crossdressing,t5_2rmf8
187,SpidermanPS4,t5_3f1fs
188,RedditLaqueristas,t5_2se5q
189,exjw,t5_2qp5l
190,HealthyFood,t5_2rhbm
191,wec,t5_2tr3a
192,nashville,t5_2qimh
193,progresspics,t5_2sl0y
194,aves,t5_2rev7
195,dirtgame,t5_2xfu8
196,ksi,t5_2xd5g
197,PS5,t5_2s887
198,painting,t5_2qirl
199,AlchemistCodeGL,t5_3shgd
200,XXXTENTACION,t5_3ecrg
201,itookapicture,t5_2r1tc
202,TheStrokes,t5_2sho1
203,MindHunter,t5_2syrc
204,ModelsGoneMild,t5_32txg
205,preppers,t5_2riow
206,Gunners,t5_2qhqt
207,hardwareswap,t5_2skrs
208,IndianTeens,t5_2wo0u
209,wowthanksimcured,t5_3n89k
210,ketamine,t5_2snr6
211,mylittlepony,t5_2s8bl
212,ASU,t5_2rghd
213,Bossfight,t5_3nbbq
214,Eldenring,t5_122hf1
215,corgi,t5_2rdw8
216,mildlypenis,t5_2w858
217,orangecounty,t5_2rd9x
218,Games,t5_2qhwp
219,S10wallpapers,t5_xkkhq
220,findaleague,t5_2xwtb
221,simpsonsshitposting,t5_3civg
222,CapitalismVSocialism,t5_3cct3
223,RedDeadOnline,t5_3ewph
224,RoughRomanMemes,t5_3fu0l
225,fo4,t5_2tzv4
226,learndota2,t5_2tta4
227,berkeley,t5_2qh9w
228,GTAorRussia,t5_3a6up
229,unixporn,t5_2sx2i
230,survivinginfidelity,t5_2x8ez
231,mazda,t5_2qhca
232,toronto,t5_2qi63
233,CitiesSkylines,t5_331rj
234,CompetitiveWoW,t5_35p2p
235,spicy,t5_2s1qd
236,jerma985,t5_2yt2x
237,business,t5_2qgzg
238,fantasybball,t5_2s5ct
239,OverwatchLeague,t5_34k05
240,HomeServer,t5_2sxqm
241,knitting,t5_2qiu0
242,AskReddit,t5_2qh1i
243,LaurenAlexis,t5_rrp15
244,ConvenientCop,t5_msyp9
245,Anticonsumption,t5_2r83n
246,riverdale,t5_2u05c
247,chemicalreactiongifs,t5_2u506
248,DotA2,t5_2s580
249,Slipknot,t5_2s7bp
250,ATBGE,t5_3fqup
251,pathofexile,t5_2sf6m
252,holdmyfeedingtube,t5_3o2xn
253,GundamBattle,t5_1dg5vb
254,castiron,t5_2s8x6
255,TooAfraidToAsk,t5_2ssp7
256,stepparents,t5_2t08x
257,ihadastroke,t5_hoj3z
258,TargetedShirts,t5_3pgh1
259,FanFiction,t5_2r5kb
260,WRX,t5_2vbwe
261,dating_advice,t5_2s4kl
262,japan,t5_2qh2u
263,Ghosts,t5_2r1q4
264,kendalljenner,t5_2swnp
265,Astros,t5_2s6y7
266,3DS,t5_2ruhy
267,Dodgers,t5_2ra0i
268,MonsterMusume,t5_32wx2
269,SmashBrosUltimate,t5_kcmhp
270,TheRealJoke,t5_nnig3
271,EnoughTrumpSpam,t5_39usd
272,Physics,t5_2qhi6
273,YangForPresidentHQ,t5_j1rvz
274,IWantToLearn,t5_2rjo5
275,pureasoiaf,t5_3288z
276,Giraffesdontexist,t5_3eys3
277,Brawlhalla,t5_31c1d
278,devops,t5_2rzmn
279,slavelabour,t5_2w1an
280,greece,t5_2qh8i
281,blursedimages,t5_j34kt
282,reactiongifs,t5_2t5y3
283,HighschoolDxD,t5_2xdca
284,ExplainAFilmPlotBadly,t5_3bcjd
285,vaporents,t5_2upjd
286,ProgrammerHumor,t5_2tex6
287,brooklynninenine,t5_2x7x1
288,Gamingcirclejerk,t5_2sf2b
289,OpTicGaming,t5_2xpuo
290,TheSilphRoad,t5_3c2d7
291,lewronggeneration,t5_2y7lu
292,ultrawidemasterrace,t5_38v30
293,malefashion,t5_2seq5
294,jailbreak,t5_2r8c5
295,legaladvice,t5_2rawz
296,afkarena,t5_l00gg
297,hurricane,t5_2qlz4
298,Celebhub,t5_iuc8g
299,nukedmemes,t5_3iiap
300,MakeMeSuffer,t5_mf29x
301,JUSTNOMIL,t5_377ps
302,subnautica,t5_2yk91
303,EmulationOnAndroid,t5_33syo
304,Dashcam,t5_2ties
305,Suomi,t5_2qlq3
306,namenerds,t5_2xmrc
307,entitledparents,t5_358dh
308,listentothis,t5_2qxzy
309,germany,t5_2qi4z
310,MMA,t5_2qhj4
311,Cornell,t5_2r0sd
312,SatisfactoryGame,t5_gs464
313,IdiotsNearlyDying,t5_3i5un
314,ElizabethOlsen,t5_2u4dv
315,funimation,t5_310un
316,AteTheOnion,t5_3i1ww
317,dwarffortress,t5_2qyn1
318,Accounting,t5_2qw2b
319,UKPersonalFinance,t5_2wkka
320,medicalschool,t5_2re2p
321,snowboarding,t5_2qi0t
322,Truckers,t5_2t90b
323,WWII,t5_2r4qh
324,NoMansSkyTheGame,t5_325lr
325,MakeupRehab,t5_32g1x
326,DungeonsAndDragons,t5_2qwdo
327,firefox,t5_2qh4p
328,BaltimoreAndDCr4r,t5_2u00l
329,mac,t5_2qh4u
330,TheSimpsons,t5_2rhs5
331,lostredditors,t5_3ns7i
332,FortNiteBR,t5_3oeyf
333,Frugal_Jerk,t5_2vdcr
334,exmuslim,t5_2s7k2
335,digimon,t5_2rxw7
336,AskVet,t5_2sx1m
337,swedishproblems,t5_2vyct
338,arrow,t5_2u4js
339,agedlikemilk,t5_o7cng
340,CamilaCabello,t5_30xse
341,haskell,t5_2qh36
342,IncreasinglyVerbose,t5_3i5tr
343,TibiaMMO,t5_2s3sk
344,CuteTraps,t5_31u2v
345,DumpsterDiving,t5_2qy4c
346,Aliexpress,t5_2uq32
347,AsianLadyboners,t5_2ui66
348,TheDepthsBelow,t5_2xjsv
349,cowboybebop,t5_2sn1i
350,WhitePeopleTwitter,t5_35n7t
351,KillLaKill,t5_2yn47
352,answers,t5_2qkeh
353,TeslaModel3,t5_362yc
354,GirlGamers,t5_2rfec
355,PleX,t5_2ql7e
356,lifehacks,t5_2qj5n
357,gravityfalls,t5_2udb8
358,BellaThorne,t5_2sk1h
359,eu4,t5_2uqat
360,Machinists,t5_2s1ie
361,Denver,t5_2qn3i
362,TownofSalemgame,t5_30w9b
363,jacksonville,t5_2rhkx
364,LoveIslandTV,t5_3lwmq
365,funny,t5_2qh33
366,JapanTravel,t5_2uylr
367,uwaterloo,t5_2rb5s
368,Portland,t5_2qi2i
369,thegrandtour,t5_3ek53
370,Models,t5_2qotr
371,earthbound,t5_2rkbz
372,SurpriseJudo,t5_3iraa
373,CatsAreAssholes,t5_2zexl
374,LeagueOfMemes,t5_2tf0e
375,fireTV,t5_316vr
376,UofT,t5_2rbaq
377,fantasybaseball,t5_2quxe
378,LegendsOfTomorrow,t5_37x73
379,shittyaskscience,t5_2sw51
380,NoFap,t5_2skrn
381,backpacking,t5_2qpcz
382,AMA,t5_2r4eo
383,askTO,t5_2xjsd
384,comicbooks,t5_2qhon
385,SelfAwarewolves,t5_3g3zk
386,PokemonGoFriends,t5_kltit
387,billsimmons,t5_2yb1h
388,MCFC,t5_2s14k
389,ravens,t5_2s1w8
390,ShitPostCrusaders,t5_3f7q5
391,Undertale,t5_2xdht
392,castlevania,t5_2ss33
393,muacirclejerk,t5_31lye
394,computers,t5_2qhm5
395,Archero,t5_103ahr
396,comedynecromancy,t5_3eufr
397,ForwardsFromKlandma,t5_33yph
398,chicagobulls,t5_2s3uz
399,wholesomegreentext,t5_3i3vm
400,memeframe,t5_2wekr
401,EDAnonymous,t5_rbmui
402,learnart,t5_2s6fc
403,NightInTheWoods,t5_2z77i
404,wowclassic,t5_3e9nc
405,MarriedAtFirstSight,t5_32lsa
406,borderlands3,t5_2v0p0
407,1200isplenty,t5_2xk5e
408,RealTesla,t5_3mgxy
409,likeus,t5_2xyw0
410,halo,t5_2qixk
411,arcteryx,t5_306uv
412,InstacartShoppers,t5_37nqy
413,FIFA,t5_2qxh7
414,whatsthisrock,t5_2w6k5
415,ThingsCutInHalfPorn,t5_2xtgm
416,cleanjokes,t5_2ucq2
417,Libertarian,t5_2qh63
418,runescape,t5_2qwxl
419,formula2,t5_2tfvp
420,worldpolitics,t5_2qh9a
421,MasterReturns,t5_2xwtp
422,uberdrivers,t5_2yzxz
423,imsorryeveryone,t5_10kh3y
424,Animewallpaper,t5_2ss60
425,IncelTears,t5_3kvtt
426,GoblinSlayer,t5_3jbk8
427,EDC,t5_2reni
428,holdmyfries,t5_36znx
429,headphones,t5_2rcyx
430,southpark,t5_2qoqu
431,RepLadies,t5_3fy91
432,surrealmemes,t5_3bz2s
433,ihaveihaveihavereddit,t5_vln9y
434,DoctorPimple,t5_21vt87
435,spiderbro,t5_2swdx
436,StockMarket,t5_2qjuv
437,CarnivalRow,t5_3ey0u
438,denvernuggets,t5_2segs
439,ComedyFlogging,t5_kkdqq
440,steinsgate,t5_2t8ve
441,RPI,t5_2rg3u
442,rantgrumps,t5_38iu4
443,radiohead,t5_2r3p6
444,tokkiefeesboek,t5_3czn3
445,Rainbow6,t5_2t1bl
446,ImaginaryLeviathans,t5_2y388
447,declutter,t5_2ustf
448,pokimanehot,t5_wvt7d
449,electronic_cigarette,t5_2qmlu
450,PoliticalHumor,t5_2qm21
451,drums,t5_2qie5
452,ElderScrollsBlades,t5_kabgy
453,Judaism,t5_2qi67
454,FanTheories,t5_2u6rc
455,langrisser,t5_2vo7m
456,Aquariums,t5_2rc6i
457,DDLCMods,t5_3pozq
458,Mcat,t5_2saxp
459,StandUpComedy,t5_2qrp8
460,BokuNoMetaAcademia,t5_9mbir
461,koreanvariety,t5_2wv54
462,EmiliaClarke,t5_2sjhy
463,homeowners,t5_2r9c1
464,FellowKids,t5_31toh
465,90DayFiance,t5_34i5y
466,menwritingwomen,t5_3ox0h
467,sailing,t5_2qiye
468,hentaidankmemes,t5_kkevz
469,ContestOfChampions,t5_333zp
470,Dell,t5_2si38
471,SCAcirclejerk,t5_342e9
472,RachelCook,t5_39ra2
473,FiftyFifty,t5_2vxvd
474,steak,t5_2qmha
475,Columbus,t5_2r373
476,worldofpvp,t5_2wbvb
477,NameThatSong,t5_2svj1
478,ImpracticalJokers,t5_2tfkd
479,appletv,t5_2s3df
480,cripplingalcoholism,t5_2s68b
481,Eldar,t5_2ug1c
482,rant,t5_2qn2b
483,CardiB,t5_37uy9
484,doordash,t5_39cye
485,asexuality,t5_2qv0q
486,OnePieceTC,t5_36oy2
487,FullScorpion,t5_393ys
488,relationship_advice,t5_2r0cn
489,freelance,t5_2qhs9
490,GilmoreGirls,t5_2sria
491,Nicki_Minaj,t5_2tz4b
492,lightshope,t5_3ou46
493,GameDeals,t5_2qwx3
494,Finland,t5_2qztz
495,Eminem,t5_2r6bz
496,FalloutMods,t5_2s6oc
497,murdermittens,t5_dgeh6
498,ForzaHorizon,t5_2ug54
499,Vaping,t5_2rg4n
500,suddenlysexoffender,t5_k9b91
501,longrange,t5_2ts6o
502,collapse,t5_2qhw9
503,DIY,t5_2qh7d
504,beatlescirclejerk,t5_2vxf7
505,oldpeoplefacebook,t5_2wf20
506,AbandonedPorn,t5_2sh6t
507,WritingPrompts,t5_2s3nb
508,transgendercirclejerk,t5_2u5r2
509,LadyBoners,t5_2sate
510,Satisfyingasfuck,t5_31s00
511,EggsInc,t5_3fjg8
512,elderscrollslegends,t5_38oo4
513,AyyMD,t5_38z4q
514,forbiddensnacks,t5_9zph8
515,Frugal,t5_2qhbe
516,Bass,t5_2qpc3
517,sbubby,t5_3hnkt
518,Psychedelics,t5_2qr9q
519,SCP,t5_2r4ni
520,Endgame,t5_2skei
521,Amouranth,t5_3m46g
522,HelloInternet,t5_2z1tz
523,depression,t5_2qqqf
524,fnv,t5_2rzr5
525,GhostAdventures,t5_2s9x1
526,darkmemes,t5_35vrk
527,SophieM,t5_nj78t
528,Kanye,t5_2r78l
529,AskElectronics,t5_2se13
530,investing,t5_2qhhq
531,AlahnaLy_,t5_mk3yn
532,SneakyBackgroundFeet,t5_35taw
533,Chonkers,t5_og6f7
534,Dentistry,t5_2rpgi
535,AntifascistsofReddit,t5_3pvlw
536,motogp,t5_2r7pg
537,Amberlynn,t5_ne0ib
538,insanepeoplefacebook,t5_3acf2
539,prusa3d,t5_3gwdv
540,UnexpectedJoJo,t5_39ld8
541,LongDistance,t5_2s6ky
542,everyfuckingthread,t5_2xghk
543,redditrequest,t5_2rlnw
544,lgbt,t5_2qhh7
545,astrology,t5_2qi4c
546,Beekeeping,t5_2qtzm
547,ItemShop,t5_3oubl
548,EmpireDidNothingWrong,t5_397yx
549,AnimeFigures,t5_2swee
550,AndroidAuto,t5_32bla
551,JusticePorn,t5_2sokh
552,Reno,t5_2qsfi
553,dajinism,t5_sgxw4
554,kateupton,t5_2sf21
555,skateboarding,t5_2qig3
556,JustBeBlack,t5_jiiq4
557,brasil,t5_2qh9i
558,trapsarentgay,t5_3lc1m
559,martialarts,t5_2qkt4
560,vancouver,t5_2qhov
561,AgainstHateSubreddits,t5_38gfm
562,AlissaViolet,t5_3afje
563,gamingsuggestions,t5_2sxyv
564,SpoiledSurvivor,t5_3elfp
565,titanfall,t5_2xh0g
566,MovieDetails,t5_3md1s
567,KendrickLamar,t5_2v28g
568,antiassholedesign,t5_hr7yt
569,Amoledbackgrounds,t5_3j516
570,Enneagram,t5_2sdjj
571,iamveryrandom,t5_3b155
572,galaxynote10,t5_34bej
573,F1Game,t5_33sdn
574,snes,t5_2rany
575,AskOuija,t5_3eg3f
576,RoastMyCar,t5_3bsmw
577,HiTMAN,t5_2rn0x
578,NorthCarolina,t5_2qhmx
579,ik_ihe,t5_39bxv
580,ageofsigmar,t5_38pa9
581,cursedcomments,t5_hw1ju
582,DJs,t5_2rddy
583,VoteBlue,t5_3g6n1
584,future_fight,t5_3eui5
585,emulation,t5_2qh6d
586,FastWorkers,t5_2wky1
587,Swimming,t5_2r0po
588,Ubiquiti,t5_2ub3z
589,TheWalkingDeadGame,t5_2tzww
590,SuddenlyIncest,t5_kbyug
591,CrusaderKings,t5_2tgic
592,canada,t5_2qh68
593,Rateme,t5_2re84
594,disney,t5_2qh8g
595,Foodforthought,t5_2rete
596,TitansTV,t5_33j8l
597,teslamotors,t5_2s3j5
598,WTFgaragesale,t5_31n0m
599,FragileWhiteRedditor,t5_mcrlm
600,sex,t5_2qh3p
601,bjj,t5_2qn02
602,Dogberg,t5_3epkn
603,SapphoAndHerFriend,t5_voyv5
604,grandorder,t5_39d7x
605,HighStrangeness,t5_2qvz6
606,antiwork,t5_2y77d
607,thanosdidnothingwrong,t5_gxikd
608,Kaguya_sama,t5_3ihr1
609,vegan,t5_2qhpm
610,whiskey,t5_2r06y
611,JustCause,t5_2ukgh
612,succulents,t5_2smnv
613,SubwayCreatures,t5_ljj82
614,ShitWehraboosSay,t5_37urc
615,Tiresaretheenemy,t5_3576x
616,ak47,t5_2rj35
617,TechNewsToday,t5_2sjnq
618,TalesFromThePizzaGuy,t5_2uh13
619,TryingForABaby,t5_2sil5
620,ExpandDong,t5_305rx
621,Construction,t5_2qiuc
622,breakingbad,t5_2rlw4
623,Greekgodx,t5_388fv
624,fragrance,t5_2sda0
625,AsianBeauty,t5_2w0u7
626,lawschooladmissions,t5_2y2gn
627,battlemaps,t5_2ui3x
628,DestinyLore,t5_2xae1
629,interestingasfuck,t5_2qhsa
630,ImaginaryCharacters,t5_2ss6r
631,UrbanHell,t5_2yokk
632,Amd,t5_2rw0n
633,snakes,t5_2ryfw
634,NatureIsFuckingLit,t5_3gdh7
635,TheMonkeysPaw,t5_3ovsj
636,MTGLegacy,t5_2x2p0
637,Sneakers,t5_2qrtt
638,memes,t5_2qjpg
639,tf2,t5_2qka0
640,dadjokes,t5_2t0no
641,wouldyoufuckmymom,t5_30xsj
642,Grobbulus,t5_22ues5
643,RoomPorn,t5_2ske1
644,MilitaryGfys,t5_32br2
645,KDRAMA,t5_2rqv6
646,realestateinvesting,t5_2qnt1
647,badlinguistics,t5_2ul7s
648,PropagandaPosters,t5_2rm3n
649,Vermintide,t5_36d6l
650,JuliaRose,t5_lgqfx
651,confusing_perspective,t5_32csr
652,acecombat,t5_2svt4
653,ElsaGate,t5_3m6nw
654,parrots,t5_2qhyf
655,RocketLeagueExchange,t5_3g4tc
656,Kaiserreich,t5_2wgr5
657,Allelite,t5_rqm1d
658,itsafetish,t5_n16hw
659,community,t5_2qu49
660,Skookum,t5_38rze
661,destiny2,t5_2we4j
662,TokyoGhoul,t5_315h3
663,PublicFreakout,t5_2yrq6
664,MobileLegendsGame,t5_hfsb5
665,Multicopter,t5_2u9hy
666,Brunei,t5_2s0lk
667,socialism,t5_2qjii
668,SurvivingMars,t5_3kerp
669,itsannemoore,t5_125o11
670,Boardgamedeals,t5_2yq92
671,swimsuitsuccubus,t5_3ijjd
672,vitahacks,t5_2tkwr
673,bodyweightfitness,t5_2tf0a
674,FireEmblemThreeHouses,t5_kcm0c
675,bioniclememes,t5_3gbar
676,Planetside,t5_2s48x
677,dogpictures,t5_2r5qg
678,weedstocks,t5_2zfqj
679,woosh,t5_2rcly
680,Fitness,t5_2qhx4
681,mysticmessenger,t5_3ficw
682,cremposting,t5_8jjt9
683,casualiama,t5_2sxwp
684,ComedySeizure,t5_v70n8
685,HighQualityGifs,t5_2ylxz
686,feemagers,t5_zg70i
687,Oxygennotincluded,t5_3f1fv
688,digitalnomad,t5_2r9w0
689,WatchRedditDie,t5_39jpa
690,KamikazeByWords,t5_a20mp
691,running,t5_2qlit
692,Sat,t5_2qvxv
693,Monitors,t5_2ts2a
694,WarframeRunway,t5_37rrb
695,marvelmemes,t5_35mye
696,Norway,t5_2qwrb
697,lawofattraction,t5_2rfq0
698,makeyourchoice,t5_2w8em
699,gay,t5_2qhef
700,Roadcam,t5_2u6os
701,pelotoncycle,t5_39us7
702,Health,t5_2qh9z
703,slatestarcodex,t5_30m6u
704,EDH,t5_2scee
705,nosurf,t5_2st2y
706,youngpeoplereddit,t5_311l4
707,gamegrumps,t5_2ulfu
708,GirlsInFlarePants,t5_p0hax
709,weddingplanning,t5_2rv3t
710,araragi,t5_2tdi5
711,AdmiralBulldog,t5_394s4
712,yiffinhell,t5_378ms
713,Floof,t5_33apz
714,MeanJokes,t5_2un3j
715,coys,t5_2ryq7
716,FREE,t5_2qk93
717,IPTVReviews,t5_3in6s
718,MergeDragons,t5_3mexa
719,popping,t5_2s2wi
720,MBMBAM,t5_2vaug
721,SexWorkers,t5_2skjk
722,auckland,t5_2rd5j
723,environment,t5_2qh1n
724,engineering,t5_2qhpi
725,StLouis,t5_2qpnm
726,animepiracy,t5_3nyco
727,vexillology,t5_2rygj
728,7daystodie,t5_2xdtu
729,OneyPlays,t5_326ot
730,Zendaya,t5_2t8x4
731,weightlifting,t5_2rlwc
732,JerkOffToDesiCelebs,t5_jswx9
733,Miami,t5_2qi76
734,actuallesbians,t5_2rch0
735,UnearthedArcana,t5_384bx
736,PetTheDamnCat,t5_k5j0o
737,Stoicism,t5_2r4kq
738,battlefield_4,t5_2uie9
739,mercedes_benz,t5_2tglq
740,vmware,t5_2qnan
741,MilitaryPorn,t5_2sq9y
742,Knife_Swap,t5_2tgpv
743,HermitCraft,t5_2twma
744,blackcats,t5_2twpw
745,Baking,t5_2qx1h
746,RocketLeague,t5_30cz1
747,totalwar,t5_2rq9c
748,SexWorkersOnly,t5_31jn4
749,GlobalOffensive,t5_2sqho
750,GamePhysics,t5_2viau
751,AFL,t5_2qhoy
752,TheAdventureZone,t5_35q2i
753,norge,t5_2qh94
754,JenniferLawrence,t5_2to2u
755,SrGrafo,t5_utnri
756,ConanExiles,t5_3c048
757,SamONellaAcademy,t5_3fgez
758,airplaneears,t5_hwe5w
759,dataisbeautiful,t5_2tk95
760,miband,t5_35vcc
761,Outdoors,t5_2qj57
762,selfhosted,t5_32hch
763,fffffffuuuuuuuuuuuu,t5_2qqlo
764,AzureLane,t5_3p20d
765,Grimdank,t5_3ilna
766,2meirl4meirl,t5_3ee85
767,SULeaks,t5_3flv3
768,creepypasta,t5_2rkx4
769,astralchain,t5_wj0eo
770,AEWstreams,t5_11iw8q
771,PlaystationClassic,t5_orcl8
772,DataHoarder,t5_2x7he
773,DnDGreentext,t5_3128p
774,IKEA,t5_2s9a5
775,Sprint,t5_2qibp
776,malehairadvice,t5_2s1me
777,ems,t5_2rmg0
778,canucks,t5_2qrs7
779,BossFights,t5_3dcy5
780,Scams,t5_2qrt0
781,CK2GameOfthrones,t5_2vx0p
782,UpliftingNews,t5_2u3ta
783,nba,t5_2qo4s
784,Earwolf,t5_2se24
785,MuayThai,t5_2r60y
786,newjersey,t5_2qhsu
787,JustBeWhite,t5_jeg60
788,amibeingdetained,t5_2yqn8
789,psychotherapy,t5_2sodo
790,misfits,t5_2qlt4
791,FoodPorn,t5_2rd9v
792,spirituality,t5_2qhc5
793,RPClipsGTA,t5_3onkg
794,LodedDiper,t5_fq25v
795,science,t5_mouw
796,web_design,t5_2qh1m
797,beberexha,t5_35msh
798,3d6,t5_2wkux
799,blog,t5_2qh49
800,Repsneakers,t5_334km
801,VietNam,t5_2qkcr
802,INDYCAR,t5_2sdeq
803,holdmyredbull,t5_30dl9
804,Etsy,t5_2qq24
805,thelastofus,t5_2t7gp
806,CBD,t5_2zppx
807,DesignPorn,t5_2sj06
808,BeAmazed,t5_363r3
809,PokemonLetsGo,t5_j7skv
810,SovietWomble,t5_35kom
811,powerrangers,t5_2s49e
812,dating,t5_2qhb1
813,AskCulinary,t5_2t82m
814,TalesFromTheCustomer,t5_2w8ws
815,Alienware,t5_2r5rg
816,Teachers,t5_2qqcs
817,tipofmyjoystick,t5_2vkzr
818,Huskers,t5_2r7qs
819,CCW,t5_2s4mc
820,Nicegirls,t5_2svqn
821,applehelp,t5_2rfbh
822,daddit,t5_2rxue
823,LWIAY,t5_btj44
824,learnmachinelearning,t5_3cqa1
825,OaklandAthletics,t5_2scld
826,USMC,t5_2qswv
827,commandandconquer,t5_2stve
828,TwoBestFriendsPlay,t5_2uzei
829,playrust,t5_2xks2
830,ClashRoyale,t5_3bog8
831,privacytoolsIO,t5_37ib1
832,ontario,t5_2qsf3
833,FostTalicska,t5_kiiam
834,nextfuckinglevel,t5_m0bnr
835,jobs,t5_2qhnd
836,sandiego,t5_2qq2q
837,KeanuBeingAwesome,t5_axiz7
838,milwaukee,t5_2r7dt
839,Instagramreality,t5_3pmoe
840,weed,t5_2qhpc
841,KatyaEliseHenry,t5_37hkc
842,houkai3rd,t5_3jjhl
843,cutelittlefangs,t5_345js
844,linuxmasterrace,t5_2ykcc
845,Cartalk,t5_2s47e
846,MadokaMagica,t5_2w9u6
847,IdentityV,t5_j95dd
848,ockytop,t5_2v13w
849,playark,t5_386qw
850,asianpeoplegifs,t5_2vzhh
851,KronosWoW,t5_32ex7
852,UpvotedBecauseBoobs,t5_37i3p
853,Thisismylifemeow,t5_3b291
854,copypasta,t5_2r6z7
855,PUBGXboxOne,t5_3pijn
856,democrats,t5_2qn70
857,CelebrityArmpits,t5_2vtni
858,Autoflowers,t5_2zy2h
859,Tools,t5_2r8ec
860,beards,t5_2qn08
861,Badfaketexts,t5_2wnem
862,AskNetsec,t5_2t3w8
863,AccidentalComedy,t5_2xbus
864,howardstern,t5_2qnxc
865,orks,t5_2v7kn
866,NotHowDrugsWork,t5_3e8q6
867,Delraymisfits,t5_31ov0
868,consulting,t5_2r121
869,LegalAdviceUK,t5_32g6u
870,HadToHurt,t5_37bug
871,KingdomHearts,t5_2s3jo
872,The_Mueller,t5_3n3f3
873,BritishSuccess,t5_2vlyo
874,APStudents,t5_2y9jq
875,yesyesyesno,t5_2z97c
876,Breath_of_the_Wild,t5_3f1s6
877,Advice,t5_2qjdm
878,uselessredcircle,t5_3pgd6
879,nosleep,t5_2rm4d
880,Juve,t5_2t9a7
881,nursing,t5_2ra72
882,FUTMobile,t5_379r4
883,minimalism,t5_2r0z9
884,Scotland,t5_2qkli
885,ShittyLifeProTips,t5_2tgym
886,CHICubs,t5_37k90
887,peloton,t5_2suzs
888,LearnJapanese,t5_2qyls
889,UCI,t5_2r7xu
890,cirkeltrek,t5_318w4
891,WorldofTanks,t5_2s113
892,talesfromtechsupport,t5_2sfg5
893,communism101,t5_2uc81
894,Gundam,t5_2sjr4
895,PERSoNA,t5_2rg0t
896,boniver,t5_2t996
897,FreeGameFindings,t5_30mv3
898,dayz,t5_2ty3s
899,Embroidery,t5_2rh53
900,playstation,t5_2qh6b
901,DynastyFF,t5_2umu4
902,virginvschad,t5_3nl7k
903,treedibles,t5_2t3z8
904,france,t5_2qhjz
905,fiaustralia,t5_39zkf
906,dresdenfiles,t5_2s64c
907,darksouls3,t5_2w3z3
908,ClevelandIndians,t5_2tdyz
909,GalaxyS8,t5_2wi4l
910,CelebBattles,t5_yo6ki
911,VinylReleases,t5_2suhe
912,Cursed_Images,t5_gy02v
913,NoahGetTheBoat,t5_117wt6
914,CarletonU,t5_2s47v
915,GamingDetails,t5_3md3a
916,cscareerquestions,t5_2sdpm
917,vaxxhappened,t5_3p3pv
918,carbage,t5_3cssl
919,Brawlstars,t5_3k7ez
920,americandad,t5_2sblq
921,programming,t5_2fwo
922,aliens,t5_2qktn
923,enoughpetersonspam,t5_3p0xk
924,PlantsVSZombies,t5_2s8u8
925,ExposurePorn,t5_2tlvh
926,PlayStationPlus,t5_2u8bb
927,orlando,t5_2qh7s
928,RealEstate,t5_2qipl
929,cyberpunkgame,t5_3az7x
930,wyzecam,t5_3pgiz
931,factorio,t5_2wabp
932,FortniteLeaks,t5_eysl9
933,Gameboy,t5_2s0qt
934,smoking,t5_2qkku
935,forhonor,t5_38p4n
936,spikes,t5_2utkz
937,buildapcforme,t5_2tjcr
938,Mistborn,t5_2s9ue
939,flexibility,t5_2t7mg
940,attackontitan,t5_2vnp9
941,MEOW_IRL,t5_36w5l
942,LIHKG,t5_3hs89
943,wallstreetbets,t5_2th52
944,longisland,t5_2qk64
945,CongratsLikeImFive,t5_3i2mz
946,thesopranos,t5_2sd3j
947,TheBullWins,t5_3e1yb
948,falloutlore,t5_2udux
949,xqcow,t5_flhe9
950,MaliciousCompliance,t5_3boqz
951,ENFP,t5_2r4yi
952,3Dprinting,t5_2rk5q
953,thechurchofpeanut,t5_hk9tj
954,crashteamracing,t5_2t4d1
955,cocaine,t5_2qu9w
956,sousvide,t5_2rzyz
957,OrnaRPG,t5_j8cpl
958,Polska_wpz,t5_zgpel
959,Fantasy,t5_2qknd
960,summonerschool,t5_2t9x3
961,BobsBurgers,t5_2s9k9
962,animegifs,t5_2tsps
963,MostBeautiful,t5_37oez
964,Kappa,t5_2tjsd
965,LizKatz,t5_2ua63
966,Ooer,t5_2sz7j
967,KerbalSpaceProgram,t5_2smr1
968,hockeyplayers,t5_2vs1b
969,lolgrindr,t5_2u0op
970,Superbowl,t5_2sb8j
971,ToolBand,t5_2rfjf
972,Design,t5_2qh78
973,deals,t5_2qir9
974,WhatsWrongWithYourCat,t5_39inp
975,MiniLadd,t5_3if9v
976,Pareidolia,t5_2r5vr
977,twinpeaks,t5_2rodn
978,ShokugekiNoSoma,t5_322v3
979,ArcherFX,t5_2sae2
980,adventuretime,t5_2s54g
981,CelebrityFeet,t5_2sv41
982,MagicArena,t5_3nbzd
983,ccna,t5_2qjhh
984,nostalgia,t5_2qnub
985,scottthewoz,t5_3ppb2
986,television,t5_2qh6e
987,BirdsArentReal,t5_3lrep
988,madmen,t5_2r7l7
989,Monstercat,t5_2se72
990,MarvelLegends,t5_3851f
991,ancestors,t5_37ypm
992,DankMemesFromSite19,t5_3k4sh
993,Tayloralesiagirl,t5_yssue
994,Parenting,t5_2qhn3
995,SwordOrSheath,t5_319um
996,Scotch,t5_2qq65
997,alcohol,t5_2qi6q
998,instantbarbarians,t5_35heo
999,Bushcraft,t5_2qnfs
1000,WhyWomenLiveLonger,t5_rhsj0
1001,CompetitiveForHonor,t5_3bbel
1002,minnesotavikings,t5_2qocl
1003,FitAndNatural,t5_2y76k
1004,TNOmod,t5_3psuk
1005,oneplus,t5_30qnb
1006,WarshipPorn,t5_2tg3p
1007,paradoxplaza,t5_2su3h
1008,cocktails,t5_2qpco
1009,asoiaf,t5_2r2o9
1010,bonehealingjuice,t5_3mig2
1011,baseball,t5_2qm7u
1012,PraiseTheCameraMan,t5_3ocv3
1013,Jeep,t5_2r4jn
1014,Incelselfies,t5_mb8t2
1015,ableton,t5_2re1a
1016,danganronpa,t5_2wcd0
1017,fuckmanny,t5_prrk3
1018,walmart,t5_2semr
1019,DankMemes_Circlejerk,t5_1hgnr3
1020,hardware,t5_2qh18
1021,lebanon,t5_2qzpg
1022,BuyItForLife,t5_2ss1q
1023,niceguys,t5_2rvxp
1024,LonghornNation,t5_2xoqa
1025,geekygirls,t5_2rlgn
1026,Jazz,t5_2qmm6
1027,Romania,t5_2qm35
1028,WhereAreAllTheGoodMen,t5_3jsx9
1029,FreeKarma4U,t5_3hapm
1030,DadReflexes,t5_31wlf
1031,fountainpens,t5_2s0ew
1032,corb,t5_17cc4h
1033,Miata,t5_2smzg
1034,Hunting,t5_2qlkx
1035,Rule34FanArt,t5_3jmkk
1036,PornoMemes,t5_o9b50
1037,rickandmorty,t5_2u4lp
1038,TankPorn,t5_2skj2
1039,Makeup,t5_2qrwc
1040,patientgamers,t5_2t3ad
1041,Huawei,t5_2t5p8
1042,darksouls,t5_2sazo
1043,uglyduckling,t5_2vz7o
1044,halloween,t5_2qmnw
1045,Blackops4,t5_2untl
1046,NCAAFBseries,t5_2tx3z
1047,medicine,t5_2qhff
1048,barstoolsports,t5_2tgz6
1049,assassinscreed,t5_2s6v6
1050,belgium,t5_2qhe6
1051,NotionSo,t5_hds7r
1052,TheOA,t5_37af3
1053,microgrowery,t5_2s5jo
1054,redneckengineering,t5_2xwua
1055,kik,t5_2tc8m
1056,onions,t5_2r552
1057,firstworldanarchists,t5_2sw5r
1058,YouSeeComrade,t5_39m3t
1059,KotakuInAction,t5_33726
1060,elderscrollsonline,t5_2tqi0
1061,picrequests,t5_2scp1
1062,wikipedia,t5_2qh3b
1063,DestinyChildGlobal,t5_sfdbz
1064,creepyPMs,t5_2ug83
1065,vinyl,t5_2qh7i
1066,ethtrader,t5_37jgj
1067,cutegirlgifs,t5_2xmjn
1068,redsox,t5_2qh95
1069,speedrun,t5_2sf9e
1070,LeopardsAteMyFace,t5_3jp3p
1071,Konosuba,t5_3c02n
1072,bridezillas,t5_2yr9y
1073,CHIBears,t5_2s0u3
1074,reddeadfashion,t5_phg5t
1075,berserklejerk,t5_398od
1076,homelab,t5_2ubz7
1077,selfharm,t5_2rm6q
1078,languagelearning,t5_2rjsc
1079,bingbongtheorem,t5_3i23t
1080,anime,t5_2qh22
1081,punk,t5_2qjx5
1082,OverwatchUniversity,t5_3ejpe
1083,40kLore,t5_2zdqr
1084,GolfGTI,t5_2tzrn
1085,vagabond,t5_2rogv
1086,BlackPink,t5_3f8po
1087,elonmusk,t5_2tr91
1088,minnesotatwins,t5_2s4mv
1089,FUCKYOUINPARTICULAR,t5_3538a
1090,subsithoughtifellfor,t5_m0y74
1091,SwitchHacks,t5_3h47s
1092,AccidentalWesAnderson,t5_3k6nz
1093,BoxingStreamz,t5_1090ag
1094,astrophotography,t5_2raop
1095,fuckwasps,t5_3krm0
1096,ftm,t5_2t9mw
1097,BrandNewSentence,t5_mbn0j
1098,fantasyfootball,t5_2qlqq
1099,Buddhism,t5_2qhnf
1100,Brewers,t5_2roak
1101,BPD,t5_2qqdp
1102,hmmm,t5_2qq6z
1103,miamidolphins,t5_2s20n
1104,perfectlycutscreams,t5_3n7fs
1105,Rabbits,t5_2riv8
1106,Marriage,t5_2reak
1107,loveafterlockup,t5_9e0cp
1108,OLED,t5_2r8y3
1109,ucf,t5_2qh7r
1110,nfl,t5_2qmg3
1111,Fighters,t5_2s5rz
1112,duolingo,t5_2t6ze
1113,dancegavindance,t5_2t7vk
1114,Twitch,t5_2s0fe
1115,Ripple,t5_2r9sg
1116,MaddenUltimateTeam,t5_2v23y
1117,amazonecho,t5_34em3
1118,TrollYChromosome,t5_2tvh2
1119,microdosing,t5_2yt3g
1120,AskHistorians,t5_2ssp3
1121,videography,t5_2qwgz
1122,AEWOfficial,t5_ubkze
1123,EmmaWatson,t5_2rd1x
1124,resumes,t5_2r0bv
1125,WorldOfWarships,t5_2t8uj
1126,lockpicking,t5_2qh7k
1127,GearsOfWar,t5_2ruzg
1128,dndnext,t5_2vbgl
1129,ModernMagic,t5_2xs5t
1130,youseeingthisshit,t5_3dde0
1131,skyrim,t5_2s837
1132,smallbusiness,t5_2qr34
1133,DeepFriedMemes,t5_3a7zb
1134,PUBATTLEGROUNDS,t5_3fmbm
1135,trashy,t5_2uao3
1136,MixedRaceGirls,t5_3hq88
1137,cheating_stories,t5_3kcu1
1138,projecteternity,t5_2v1qz
1139,CougarsAndCubs,t5_2ywas
1140,electronics,t5_2qhue
1141,bullybackfire,t5_11kyfy
1142,oculus,t5_2uni5
1143,EARONS,t5_3cfj2
1144,bangtan,t5_2zqih
1145,Cityofheroes,t5_2rsy7
1146,Achievement_Hunter,t5_2v6vs
1147,fuseboxgames,t5_nahbs
1148,buildapc,t5_2rnve
1149,DBZDokkanBattle,t5_384a7
1150,xxfitness,t5_2ryzy
1151,UMD,t5_2rob8
1152,sadboys,t5_2xpx7
1153,WeWantPlates,t5_396ym
1154,dubai,t5_2qpro
1155,theydidthemath,t5_2x23b
1156,PussyPass,t5_2whjo
1157,jerseyshore,t5_2s039
1158,DaystromInstitute,t5_2whek
1159,KingkillerChronicle,t5_2smxb
1160,TheNSFWClub,t5_10pcwr
1161,adultery,t5_2sjkv
1162,eagles,t5_2qi5w
1163,cowboys,t5_2re7g
1164,EarthPorn,t5_2sbq3
1165,venturebros,t5_2r8d8
1166,podcasts,t5_2qh1d
1167,kotakuinaction2,t5_3400v
1168,rimjob_steve,t5_k44tx
1169,wine,t5_2qhs8
1170,curledfeetsies,t5_3bdz3
1171,StartledCats,t5_2yb9w
1172,RocketLeagueEsports,t5_39cf6
1173,wedding,t5_2qhtr
1174,touhou,t5_2qvi5
1175,mountandblade,t5_2qzpd
1176,DesignerReps,t5_3g0q1
1177,gardening,t5_2qhkh
1178,EternalCardGame,t5_3byur
1179,heroesofthestorm,t5_2ym13
1180,smashbros,t5_2qiep
1181,Bombing,t5_2s74d
1182,mturk,t5_2qmd7
1183,CityPorn,t5_2scjs
1184,FlarrowPorn,t5_3amlp
1185,Spyro,t5_2so24
1186,megalophobia,t5_31gwh
1187,kindle,t5_2qudz
1188,Pathfinder_RPG,t5_2trms
1189,hittableFaces,t5_38lh3
1190,MemoryDefrag,t5_3g3s7
1191,Imperator,t5_gpanm
1192,AnimalsBeingJerks,t5_2wfjv
1193,psychology,t5_2qhcz
1194,gentlefemdompersonals,t5_mzcd3
1195,23andme,t5_2scn9
1196,OMGCosplay,t5_3h7ce
1197,Pizza,t5_2qlhq
1198,datingoverthirty,t5_34cyw
1199,SanJose,t5_2rbod
1200,realmadrid,t5_2rr0e
1201,Neverbrokeabone,t5_2zvcf
1202,CampingGear,t5_2tru8
1203,LilPeep,t5_3egaa
1204,CasualConversation,t5_323oy
1205,ArtFundamentals,t5_332tq
1206,R6ProLeague,t5_3ms70
1207,Market76,t5_n9nn1
1208,proplifting,t5_3ptyf
1209,GamersRiseUp,t5_hbtjq
1210,Justfuckmyshitup,t5_35g2j
1211,asianamerican,t5_2rfyw
1212,Quebec,t5_2qhh9
1213,Birbs,t5_35lbj
1214,Military,t5_2qh8y
1215,communism,t5_2qolz
1216,IDontWorkHereLady,t5_341k1
1217,delusionalartists,t5_2wtsv
1218,GhostRecon,t5_2s91l
1219,aphextwin,t5_2si2q
1220,dune,t5_2rff0
1221,linux_gaming,t5_2r2u0
1222,raisedbynarcissists,t5_2we9n
1223,Random_Acts_Of_Amazon,t5_2tx47
1224,Sekiro,t5_k9vh3
1225,Workbenches,t5_2xo2s
1226,Dexter,t5_2rahc
1227,mathmemes,t5_3fz4c
1228,puns,t5_2qidh
1229,Vanessa_Bohorquez,t5_3p62u
1230,EDM,t5_2qm8v
1231,Anna_Faith,t5_31qx7
1232,survivor,t5_2qhu3
1233,PoonamPandeyFanatics,t5_9kc8a
1234,konmari,t5_36kvo
1235,Blacksmith,t5_2r2f0
1236,networking,t5_2qkaf
1237,phish,t5_2ql29
1238,battlestations,t5_2rdbn
1239,SoulCalibur,t5_2s8ri
1240,SophiiaDiamond,t5_w1rqq
1241,TheoryOfReddit,t5_2rtff
1242,Dogfruit,t5_13rx90
1243,billieeilish,t5_3mqfo
1244,Bad_Cop_No_Donut,t5_2qqdb
1245,spaceengineers,t5_2ygas
1246,arabfunny,t5_rvesz
1247,amiibo,t5_324pu
1248,Trucks,t5_2qsrb
1249,AnimalTextGifs,t5_34opw
1250,Addons4Kodi,t5_39pp6
1251,CFBStreams,t5_35m67
1252,Animalsthatlovemagic,t5_3mfgo
1253,algotrading,t5_2ubg3
1254,BTSWorld,t5_pi4qd
1255,ApexOutlands,t5_w4q80
1256,MollyEskam,t5_3j3uy
1257,poker,t5_2qhix
1258,paydaytheheist,t5_2t0hx
1259,funhaus,t5_35b7i
1260,okbuddyretard,t5_74is2
1261,MollyEskamNew,t5_1025e2
1262,ActionFigures,t5_2scrt
1263,AwesomeCarMods,t5_2x2xm
1264,bigboye,t5_3k32c
1265,shrooms,t5_2qszq
1266,traderjoes,t5_2sc81
1267,amiugly,t5_2rgjh
1268,ihavesex,t5_3k5vu
1269,ImaginaryBehemoths,t5_2y6nh
1270,ADHD,t5_2qnwb
1271,AtlantaUnited,t5_38tr2
1272,CubeWorld,t5_2t4bs
1273,2healthbars,t5_3jrv4
1274,iWallpaper,t5_2s4td
1275,SiliconValleyHBO,t5_311cs
1276,ElectricalEngineering,t5_2sey9
1277,gonewilde,t5_2rgv7
1278,Granblue_en,t5_3e3se
1279,TurkeyJerky,t5_3ov2c
1280,IndianSocial,t5_s8ipx
1281,buildapcsales,t5_2s3dh
1282,CorporateFacepalm,t5_38jqw
1283,HowToHack,t5_2uxyh
1284,musictheory,t5_2qrjj
1285,SFGiants,t5_2s5xr
1286,mazda3,t5_2tlj8
1287,StonerEngineering,t5_2slm7
1288,teslore,t5_2t5ay
1289,ANormalDayInRussia,t5_2z166
1290,HaveWeMet,t5_3j00n
1291,streetwear,t5_2sgoq
1292,Spiderman,t5_2rw42
1293,Patriots,t5_2rx57
1294,Dogtraining,t5_2r067
1295,Thunder,t5_2s53c
1296,Megaten,t5_2sj8i
1297,CasualUK,t5_3j2jr
1298,grandpajoehate,t5_3f4m6
1299,AwardSpeechEdits,t5_37pt7
1300,restofthefuckingowl,t5_34hxo
1301,penpals,t5_2r076
1302,Edmonton,t5_2raht
1303,popheads,t5_39nwj
1304,stocks,t5_2qjfk
1305,combinedgifs,t5_2viuz
1306,ringdoorbell,t5_38crn
1307,DokkanBattleCommunity,t5_3koeu
1308,confessions,t5_2qq6g
1309,anno,t5_2sy3z
1310,WTF,t5_2qh61
1311,WeAreTheMusicMakers,t5_2qmah
1312,mtgfinance,t5_2vv1m
1313,F1FeederSeries,t5_316st
1314,Porsche,t5_2recr
1315,Connecticut,t5_2qji0
1316,fitmeals,t5_2sd23
1317,AstralProjection,t5_2rylp
1318,Autos,t5_2qhr3
1319,LosAngeles,t5_2qht0
1320,EtikaRedditNetwork,t5_3n7tf
1321,pregnant,t5_2qwzb
1322,LigaMX,t5_2uh0l
1323,hottiesfortrump,t5_3chnt
1324,OSU,t5_2qj3f
1325,borrow,t5_33lr0
1326,DMT,t5_2qhvk
1327,FitToFat,t5_35p89
1328,TanaMongeau,t5_3c6uw
1329,batman,t5_2qqt8
1330,PowerShell,t5_2qo1o
1331,shield,t5_2rz8z
1332,beer,t5_2qhg1
1333,respectthreads,t5_2yfqs
1334,seriouseats,t5_30sp1
1335,Dashboard,t5_2svky
1336,thewestwing,t5_2sgqa
1337,TwoSentenceHorror,t5_30tmh
1338,formuladank,t5_3ndbi
1339,TwerkingPorn,t5_ob48s
1340,CharacterRant,t5_35frv
1341,croatia,t5_2qyps
1342,macbookpro,t5_2xhss
1343,harrypotterwu,t5_3psru
1344,ThatsInsane,t5_swxxz
1345,PlantedTank,t5_2szbf
1346,HitBoxPorn,t5_39fx3
1347,truechildfree,t5_2uy7g
1348,malegrooming,t5_2s4uu
1349,theydidthemonstermath,t5_31iwz
1350,DivinityOriginalSin,t5_2x1t5
1351,Barca,t5_2s561
1352,thanksimcured,t5_4bxqk
1353,Warframe,t5_2urg0
1354,PutYourDickInThat,t5_g6gfz
1355,TapTitans2,t5_3de1r
1356,MapleStory2,t5_2ut5o
1357,SwitchHaxing,t5_3ji3h
1358,Katt_Leya,t5_lb6i8
1359,Swingers,t5_2qyei
1360,iZone,t5_2vgpa
1361,soccer,t5_2qi58
1362,ScarlettJohansson,t5_2rfvv
1363,MoeMorphism,t5_3j6eq
1364,Battletechgame,t5_39c47
1365,mallninjashit,t5_2wsnn
1366,onebag,t5_301sk
1367,MadeMeSmile,t5_2uqcm
1368,SandersForPresident,t5_2zbq7
1369,ramen,t5_2qykd
1370,fatestaynight,t5_31xwr
1371,homestuck,t5_2rzgi
1372,YanetGarcia,t5_38ro8
1373,SS13,t5_2s9yk
1374,exchristian,t5_2r95q
1375,Geedis,t5_3o6sj
1376,CPTSD,t5_2vvid
1377,dontstarve,t5_2v1jr
1378,BillBurr,t5_2trqi
1379,svenskpolitik,t5_2twun
1380,ask,t5_2qhlj
1381,FFRecordKeeper,t5_3779b
1382,changemyview,t5_2w2s8
1383,sffpc,t5_39h7t
1384,thedivision,t5_2xiqd
1385,PandR,t5_2sa88
1386,justdependathings,t5_3p8e3
1387,QuakeChampions,t5_3f0ug
1388,ComedyCemetery,t5_2zzho
1389,vexillologycirclejerk,t5_2xzai
1390,5050,t5_2sn8g
1391,AutoChess,t5_ug4bo
1392,NintendoSwitchDeals,t5_3h4em
1393,LosAngelesRams,t5_2rgnd
1394,starterpacks,t5_34o9s
1395,TheHandmaidsTale,t5_3fhbh
1396,Seattle,t5_2qhad
1397,Re_Zero,t5_3e076
1398,dragoncon,t5_2s0hh
1399,longboarding,t5_2qvgw
1400,notlikeothergirls,t5_34pb7
1401,vegas,t5_2qhrs
1402,roosterteeth,t5_2s7g9
1403,crochet,t5_2qm6c
1404,lingling40hrs,t5_kag0f
1405,COMPLETEANARCHY,t5_397x6
1406,iOSBeta,t5_2sjys
1407,boottoobig,t5_3fq53
1408,chairsunderwater,t5_381hs
1409,OnePunchMan,t5_2vm97
1410,WorkOnline,t5_2y178
1411,nyc,t5_2qhu2
1412,AskTrumpSupporters,t5_3cr3o
1413,hapas,t5_33rcf
1414,madlads,t5_3aegn
1415,accidentallycommunist,t5_3g0zz
1416,GaySoundsShitposts,t5_9n2w1
1417,inthenews,t5_2rgzp
1418,happy,t5_2qh5i
1419,korea,t5_2qiog
1420,DidntKnowIWantedThat,t5_kf94g
1421,ft86,t5_2t4rq
1422,CFA,t5_2rzsx
1423,RetroPie,t5_31mi1
1424,xboxone,t5_2xbci
1425,bloodborne,t5_31k9i
1426,PostMalone,t5_3acc3
1427,Anki,t5_2s9lm
1428,askteenboys,t5_21turx
1429,lithuania,t5_2qj20
1430,freefolk,t5_37tpy
1431,NeckbeardNests,t5_30hqm
1432,Trumpgret,t5_3iu4u
1433,nasa,t5_2qk6m
1434,thepromisedneverland,t5_3fp9n
1435,InternetStars,t5_3lhmz
1436,RimWorld,t5_2yjxo
1437,Plumbing,t5_2slqb
1438,reddeadredemption2,t5_2x2n9
1439,SubSimulatorGPT2,t5_121sso
1440,Insurance,t5_2qs6s
1441,PS4Deals,t5_2xja6
1442,criticalrole,t5_385bw
1443,Mizkif,t5_gi5ar
1444,AquaticAsFuck,t5_17c1py
1445,GoCommitDie,t5_jyc32
1446,kindafunny,t5_2vhlq
1447,EA_NHL,t5_2ry2z
1448,sexover30,t5_34cdl
1449,NMSCoordinateExchange,t5_3lqlo
1450,RobinHood,t5_2uud8
1451,gaming,t5_2qh03
1452,dragonquest,t5_2sbty
1453,asktrp,t5_2y2sm
1454,Turkey,t5_2qlnu
1455,evangelionmemes,t5_3g1u2
1456,fairytail,t5_2s9z2
1457,badroommates,t5_2w1n0
1458,fivenightsatfreddys,t5_331ct
1459,BABYMETAL,t5_2xpsy
1460,GlobalOffensiveTrade,t5_2y6r4
1461,xbox,t5_2qoih
1462,classicalmusic,t5_2qhyq
1463,depression_memes,t5_3e93l
1464,Corridor,t5_3f9jo
1465,ElderScrolls,t5_2s2ja
1466,synology,t5_2s4co
1467,taskmaster,t5_39mk7
1468,traaaaaaannnnnnnnnns,t5_2uog0
1469,PokemonTCG,t5_2re3s
1470,Madden,t5_2rjpr
1471,LearnUselessTalents,t5_2u8qf
1472,Fallout,t5_2qnzu
1473,NintendoSwitch,t5_3h47q
1474,OTMemes,t5_3itr1
1475,vigorgame,t5_k9h9q
1476,SkincareAddiction,t5_2tbbg
1477,Cubers,t5_2r6a3
1478,PHP,t5_2qh38
1479,OurPresident,t5_3hhj5
1480,GrowCastle,t5_3ey9r
1481,LoveNikki,t5_3l0ds
1482,freebies,t5_2qi1v
1483,AlisonBrie,t5_2s5qb
1484,classic4chan,t5_2u2wq
1485,dndmemes,t5_35g8o
1486,redhat,t5_2qulz
1487,snails,t5_2r49e
1488,justlegbeardthings,t5_31g74
1489,autism,t5_2qhs6
1490,Entrepreneur,t5_2qldo
1491,calvinandhobbes,t5_2qtxs
1492,trans,t5_2shbb
1493,joinsquad,t5_33zyg
1494,Vaporwave,t5_2ugcd
1495,Asphalt9,t5_3ot5v
1496,Jaguars,t5_2s4u2
1497,shortscarystories,t5_2t6kz
1498,Vive,t5_378go
1499,Cringetopia,t5_ovfhp
1500,TeamSolomid,t5_2t8co
1501,newtothenavy,t5_2v1a6
1502,Catswhoyell,t5_jzp47
1503,rage,t5_2qil2
1504,bujo,t5_3g17x
1505,Semenretention,t5_315ru
1506,EatCheapAndHealthy,t5_2vvpi
1507,4chan,t5_2qh4w
1508,audiophile,t5_2qmiy
1509,AVoid5,t5_3fr2z
1510,KGBTR,t5_12t6sw
1511,videos,t5_2qh1e
1512,FrugalFemaleFashion,t5_2tnuv
1513,FGOcomics,t5_axibq
1514,TheRightCantMeme,t5_3p1as
1515,SFWporn,t5_2seqp
1516,horror,t5_2qh9x
1517,WatchPeopleDieInside,t5_3h4zq
1518,EscapefromTarkov,t5_3aq6o
1519,3dshacks,t5_2sbkg
1520,R4R30Plus,t5_2vafg
1521,PokiNSFW3,t5_x2ehc
1522,Hamilton,t5_2reuj
1523,printSF,t5_2rzjk
1524,PewdiepieSubmissions,t5_3m0tc
1525,weezer,t5_2s48r
1526,masseffect,t5_2rc19
1527,lakers,t5_2qhv6
1528,madisonwi,t5_2r8rz
1529,Miniworlds,t5_3me0y
1530,playblackdesert,t5_poq22
1531,landscaping,t5_2qndi
1532,Eyebleach,t5_2s427
1533,ftlgame,t5_2tnu1
1534,apexlegends,t5_rgzzt
1535,ironscape,t5_34728
1536,polyamory,t5_2qu5n
1537,MacOS,t5_2s2gv
1538,airpods,t5_3a5ww
1539,cookingforbeginners,t5_32u9b
1540,BanGDream,t5_3gbgg
1541,WayOfTheBern,t5_3ff8l
1542,slowcooking,t5_2s64w
1543,QuotesPorn,t5_2spqb
1544,LooneyTunesWoM,t5_ntlo4
1545,dogs,t5_2qhhk
1546,cringe,t5_2r6rj
1547,Texans,t5_2s450
1548,splatoon,t5_324q4
1549,galaxys10,t5_2x95j
1550,BikiniBottomTwitter,t5_3deqz
1551,LifeProTips,t5_2s5oq
1552,exmormon,t5_2r0gj
1553,nattyorjuice,t5_2xmud
1554,houseplants,t5_2skiq
1555,careerguidance,t5_2t9i0
1556,torontoraptors,t5_2s5sb
1557,Sissy,t5_2r1jw
1558,gainit,t5_2s9bg
1559,marketing,t5_2qhmg
1560,Dreams,t5_2qmbx
1561,chile,t5_2rer8
1562,AbsoluteUnits,t5_a7wuv
1563,BeardedDragons,t5_2sove
1564,Shitstatistssay,t5_2u3ds
1565,WGU,t5_2se63
1566,ABraThatFits,t5_2s8kf
1567,DeFranco,t5_2si6m
1568,DanMachi,t5_35o71
1569,Atlanta,t5_2qiq9
1570,godot,t5_2znmk
1571,thefighterandthekid,t5_347fo
1572,shittymobilegameads,t5_unzk3
1573,lonely,t5_2qjny
1574,nocontextpics,t5_2um64
1575,smplive,t5_zvs4w
1576,gentlemanboners,t5_2sesx
1577,MobiusFF,t5_3ffqe
1578,LPOTL,t5_31nfz
1579,nocontext,t5_2sv7q
1580,howyoudoin,t5_2tqcj
1581,PhotoshopRequest,t5_2u2ui
1582,bleach,t5_2rk7q
1583,RWBY,t5_2vhg0
1584,Indiemakeupandmore,t5_2w8pb
1585,climbharder,t5_2s5er
1586,ECE,t5_2r2sg
1587,oblivion,t5_2qs10
1588,CowChop,t5_3d9a4
1589,overlord,t5_2tvlr
1590,Cinemagraphs,t5_2sgzs
1591,arma,t5_2s3q7
1592,tarot,t5_2qhu4
1593,videogamedunkey,t5_2uvb2
1594,zelda,t5_2r61g
1595,SuddenlyGay,t5_35f67
1596,amateur_boxing,t5_2ss7o
1597,UnresolvedMysteries,t5_2wvvc
1598,nfsw_gifs,t5_3blp4
1599,Izlam,t5_336mg
1600,LogitechG,t5_32hzg
1601,TheForest,t5_2t178
1602,PhonesAreBad,t5_3ecey
1603,Navixsport,t5_3d4fv
1604,Whatisthis,t5_2qtwp
1605,Edinburgh,t5_2rffi
1606,OkBubbyRetard,t5_oslro
1607,showerbeer,t5_2t7u5
1608,JustBootThings,t5_3foz6
1609,Steam,t5_2qwis
1610,belledelphine_,t5_wzfm0
1611,IdleHeroes,t5_3fzsh
1612,thinkpad,t5_2qvhj
1613,victoria2,t5_2uadi
1614,ilikthebred,t5_3jo0o
1615,EmojiPolice,t5_22abzp
1616,celestegame,t5_aaoo1
1617,TikTokCringe,t5_mvcq5
1618,discord_irl,t5_3kekm
1619,DarkCrystal,t5_2skp2
1620,SweatyPalms,t5_2v567
1621,bourbon,t5_2rgos
1622,Dragula,t5_3hcw4
1623,Christianity,t5_2qh6c
1624,ussoccer,t5_2sk2p
1625,diablo3,t5_2qjhk
1626,cosplay,t5_2qkju
1627,bingingwithbabish,t5_3ialh
1628,masterhacker,t5_3eo2g
1629,boston,t5_2qh3r
1630,Xiaomi,t5_2t1l3
1631,NormMacdonald,t5_2um0a
1632,BitcoinMarkets,t5_2wwh3
1633,morbidquestions,t5_37wph
1634,blunderyears,t5_2vy3g
1635,raimimemes,t5_3jwy8
1636,TheExpanse,t5_2xi70
1637,futurama,t5_2qhqw
1638,EntitledPeople,t5_3g9n3
1639,jesuschristreddit,t5_38ud9
1640,F1Porn,t5_2uz6w
1641,Iamactuallyverybadass,t5_s0nyv
1642,woof_irl,t5_37aix
1643,wownoob,t5_35idp
1644,liberalgunowners,t5_2vjre
1645,csgo,t5_2sqih
1646,writersspotlight,t5_23js5o
1647,homeassistant,t5_3bekp
1648,youtube,t5_2qh44
1649,InstagramSluts,t5_2vyfn
1650,StarWars,t5_2qi4s
1651,ireland,t5_2qhb9
1652,androidthemes,t5_2s6h8
1653,birthcontrol,t5_2snsq
1654,EpicSeven,t5_nrn6j
1655,Brogress,t5_2ys92
1656,MonsterHunterWorld,t5_3lry9
1657,infp,t5_2qn2o
1658,Legoyoda,t5_wmy90
1659,houston,t5_2qj1l
1660,torrents,t5_2qh0w
1661,ChantelJeffries,t5_3crxj
1662,programminghorror,t5_2tq3t
1663,StarVStheForcesofEvil,t5_32uti
1664,HumanForScale,t5_3n25d
1665,holdmybeer,t5_2vi9f
1666,blackpeoplegifs,t5_2v8ow
1667,holdmycosmo,t5_3079s
1668,mentalhealth,t5_2qirg
1669,sbeve,t5_vg5n4
1670,space,t5_2qh87
1671,hackintosh,t5_2quen
1672,SwagBucks,t5_2qw4c
1673,NBASpurs,t5_2s53b
1674,amateurradio,t5_2qi86
1675,Switch,t5_2svh8
1676,londonontario,t5_2rds8
1677,taiwan,t5_2qhrg
1678,Tennesseetitans,t5_2s5fm
1679,functionalprint,t5_30567
1680,JailyneOjedaOchoa,t5_3c5e5
1681,Markiplier,t5_2u49m
1682,me_irl,t5_2vegg
1683,needforspeed,t5_2s8z6
1684,legodeal,t5_2ya9f
1685,grime,t5_2rmgg
1686,deadmalls,t5_2yl27
1687,worldnews,t5_2qh13
1688,bigdickproblems,t5_2sqd6
1689,AppleWatch,t5_2wav7
1690,BleachBraveSouls,t5_399jv
1691,nflstreams,t5_33o3c
1692,dishonored,t5_2sn3m
1693,Nostalrius,t5_36mxn
1694,talesfromcallcenters,t5_2urem
1695,modelmakers,t5_2sf9u
1696,Roku,t5_2rxgs
1697,mlb,t5_2qrrr
1698,StoppedWorking,t5_38e1c
1699,samharris,t5_2thqg
1700,lego,t5_2qhm7
1701,btd6,t5_3k11a
1702,Poetry,t5_2qhhu
1703,syriancivilwar,t5_2x5s1
1704,badwomensanatomy,t5_2zlzd
1705,step1,t5_37lrc
1706,Mavericks,t5_2s53a
1707,comicbookmovies,t5_2qx71
1708,hmm,t5_2qlxm
1709,deepweb,t5_2sjey
1710,Im15AndThisIsYeet,t5_v9xi8
1711,Malazan,t5_2t1dv
1712,nintendo,t5_2qhnk
1713,knifeclub,t5_2ulfn
1714,MechanicAdvice,t5_2tkvu
1715,Xcom,t5_2si6x
1716,NewYorkMets,t5_2s7w9
1717,AppHookup,t5_2trzp
1718,soccer_streams,t5_3lsao
1719,CrossStitch,t5_2rpor
1720,pitbulls,t5_2qjof
1721,averageredditor,t5_godfy
1722,essential,t5_2y4cl
1723,happycrowds,t5_2v7ly
1724,fatlogic,t5_2wyxm
1725,kancolle,t5_2yjji
1726,ValveIndex,t5_r4yhp
1727,IAmA,t5_2qzb6
1728,manga,t5_2ql0i
1729,hearthstone,t5_2w31t
1730,rollercoasters,t5_2rzez
1731,bapcsalescanada,t5_2tesr
1732,kpop,t5_2r1ox
1733,publix,t5_2s7yf
1734,Redskins,t5_2r4wc
1735,Adelaide,t5_2r1ca
1736,poshmark,t5_34hq6
1737,DaveChappelle,t5_2s6t8
1738,Bonsai,t5_2qowd
1739,TheLastAirbender,t5_2rybx
1740,LateStageImperialism,t5_i1uhb
1741,javascript,t5_2qh30
1742,IWantOut,t5_2r5hw
1743,AskEngineers,t5_2sebk
1744,wholesomebpt,t5_3i70v
1745,theocho,t5_2ss14
1746,meirl,t5_2s5ti
1747,findapath,t5_2wqq6
1748,suggestmeabook,t5_31t41
1749,MapPorn,t5_2si92
1750,tax,t5_2quww
1751,submechanophobia,t5_2xtuj
1752,WeirdWheels,t5_31dn6
1753,steelers,t5_2r526
1754,VRchat,t5_32s02
1755,ContagiousLaughter,t5_2u2bh
1756,TalesFromRetail,t5_2t2zt
1757,oilpen,t5_3nhnf
1758,ender3,t5_i3pca
1759,piercing,t5_2qolb
1760,BravoRealHousewives,t5_2v6dk
1761,TheGirlSurvivalGuide,t5_2vfzu
1762,FullmetalAlchemist,t5_2t27s
1763,FundieSnark,t5_j1u6f
1764,PokemonSwordAndShield,t5_x9rhd
1765,Megaman,t5_2rq0l
1766,ultimate,t5_2qnym
1767,Mirrorsforsale,t5_h667d
1768,bipolar,t5_2qnv4
1769,researchchemicals,t5_2rhqm
1770,creepyasterisks,t5_3hmzi
1771,IRLgirls,t5_38p03
1772,Unity3D,t5_2qwj8
1773,hardcoreaww,t5_2uhb6
1774,trippinthroughtime,t5_2y3e1
1775,JonTron,t5_2ua5i
1776,RoastMe,t5_37xo2
1777,NewSkaters,t5_2tqri
1778,cybersecurity,t5_2u559
1779,harrypotter,t5_2qiqi
1780,nutrition,t5_2qoox
1781,arenaofvalor,t5_3mynb
1782,mechmarket,t5_2vgng
1783,fightporn,t5_2u5un
1784,NintendoWaifus,t5_najga
1785,PraiseTheCameraBird,t5_xgd7a
1786,brushybrushy,t5_3340l
1787,noveltranslations,t5_39owk
1788,MURICA,t5_2u28p
1789,DarkHumorAndMemes,t5_3j3o5
1790,DeTrashed,t5_l8c3z
1791,r4r,t5_2rn0e
1792,ThriftStoreHauls,t5_2spop
1793,forwardsfromgrandma,t5_2t776
1794,SubredditSimulator,t5_38iwt
1795,FearTheWalkingDead,t5_35zlz
1796,HelicopterAddict,t5_gt2ba
1797,crappyoffbrands,t5_38oju
1798,INTP,t5_2qhvl
1799,Mordhau,t5_387za
1800,zizek,t5_2s3h6
1801,mildlyinfuriating,t5_2ubgg
1802,aoe2,t5_2sg7u
1803,Kirby,t5_2r411
1804,PUBG,t5_3g85e
1805,annakendrick,t5_2sxo1
1806,NoContract,t5_2xq7c
1807,lawncare,t5_2rzrk
1808,GarlicBreadMemes,t5_3aerk
1809,gfycat,t5_2y6h2
1810,BBQ,t5_2qxww
1811,Coffee,t5_2qhze
1812,sololeveling,t5_r7x8p
1813,NBAForums,t5_3cm4m
1814,DragonballLegends,t5_h1zup
1815,DC_Cinematic,t5_2ykm6
1816,polandball,t5_2sih3
1817,rupaulsdragrace,t5_2t3or
1818,NotMyJob,t5_2y1ei
1819,ImaginaryWesteros,t5_2zkop
1820,EnterTheGungeon,t5_37d0t
1821,edmproduction,t5_2sa4x
1822,Flipping,t5_2y9q6
1823,NoStupidQuestions,t5_2w844
1824,fastfood,t5_2qiuz
1825,teenagers,t5_2rjli
1826,uktrees,t5_2si9d
1827,halifax,t5_2r77k
1828,hoi4,t5_2zvvb
1829,SoulKnight,t5_3im0d
1830,btc,t5_2si5v
1831,the1975,t5_2x80q
1832,brisbane,t5_2qutz
1833,LSD,t5_2qhvj
1834,relationships,t5_2qjvn
1835,TooWeakTooWeak,t5_22ow5p
1836,urbanexploration,t5_2qkvl
1837,redditbay,t5_2qm82
1838,ABCDesis,t5_2yfr0
1839,HighHeels,t5_2rtlm
1840,PAX,t5_2r434
1841,SaintsRow,t5_2sjuw
1842,bertstrips,t5_2z02l
1843,oasis,t5_2sic7
1844,ucla,t5_2qscu
1845,EPLL,t5_23k56z
1846,camping,t5_2qk80
1847,Seaofthieves,t5_38oz1
1848,assholetax,t5_tfo0m
1849,chrome,t5_2qlz9
1850,rutgers,t5_2risk
1851,youtubehaiku,t5_2tqlz
1852,BoneAppleTea,t5_3g7ta
1853,dankruto,t5_3d0e7
1854,UBC,t5_2qy2j
1855,MadeInAbyss,t5_3k4lt
1856,phr4r,t5_348l4
1857,LOONA,t5_3gopw
1858,CreepyWikipedia,t5_2umfr
1859,eroticstoriesxxx,t5_37niw
1860,FrankOcean,t5_2tyek
1861,Rihanna,t5_2sfl1
1862,diabetes,t5_2qhsj
1863,rocketbeans,t5_2zn9o
1864,Ghostbc,t5_2wt3j
1865,drunk,t5_2ql00
1866,esist,t5_3irqb
1867,FantasyPL,t5_2snvr
1868,RepTime,t5_37dr6
1869,ptcgo,t5_2tgbi
1870,leagueoflegends,t5_2rfxx
1871,4Runner,t5_2vdiz
1872,anime_irl,t5_386zh
1873,LetsNotMeet,t5_2t3t8
1874,GenderCritical,t5_2yk5v
1875,northernlion,t5_2t6sj
1876,AntiJokes,t5_2r37g
1877,customhearthstone,t5_30mve
1878,classicwow,t5_3eb8a
1879,fantasywriters,t5_2t4ad
1880,ShitMomGroupsSay,t5_gajhd
1881,childfree,t5_2qtwb
1882,LushCosmetics,t5_2tqbr
1883,omad,t5_3bqlb
1884,blop,t5_3097t
1885,phoenix,t5_2qmpu
1886,IsItBullshit,t5_2yhlm
1887,cableporn,t5_2s9v2
1888,travisscott,t5_32qnb
1889,fakealbumcovers,t5_2wot9
1890,njpw,t5_2yc3t
1891,timbers,t5_2s2lj
1892,NanatsunoTaizai,t5_2xsk7
1893,Naruto,t5_2quts
1894,transtimelines,t5_2u0oa
1895,Meditation,t5_2qnc9
1896,betterCallSaul,t5_2u05j
1897,italy,t5_2qkhk
1898,THE_PACK,t5_3e6ue
1899,dragonutopia,t5_3jxuq
1900,AirBnB,t5_2tfa4
1901,absolutelynotme_irl,t5_3b5ss
1902,killingfloor,t5_2rf65
1903,MetalMemes,t5_2t1af
1904,BladeAndSorcery,t5_mjm8p
1905,HomeworkHelp,t5_2r6f3
1906,spotify,t5_2qofj
1907,Celebs,t5_2qoqw
1908,killteam,t5_2zt0y
1909,gamingpc,t5_2sq2y
1910,Assistance,t5_2s25d
1911,mileycyrus,t5_2qnzf
1912,showercomebacks,t5_2y64c
1913,transformers,t5_2qh5t
1914,blender,t5_2qim4
1915,TrueDetective,t5_2tyoq
1916,WeatherGifs,t5_39geq
1917,h3h3productions,t5_3345f
1918,Welding,t5_2serw
1919,Browns,t5_2s1wh
1920,yesyesyesyesno,t5_2ytae
1921,Ebay,t5_2qh7g
1922,Gunpla,t5_2rlrf
1923,mapporncirclejerk,t5_2wxxs
1924,d100,t5_3ofgq
1925,financialindependence,t5_2t34z
1926,TheBoys,t5_2t2xg
1927,myNBA2KMobile,t5_383aj
1928,Falcom,t5_32vt5
1929,sociopath,t5_2rdt9
1930,dotnet,t5_2qh3h
1931,psych,t5_2qxd2
1932,outrun,t5_2x3fm
1933,IdiotsInCars,t5_3aimx
1934,gaybrosgonemild,t5_2trla
1935,AccidentalRacism,t5_2vpba
1936,starsector,t5_2w0he
1937,StrangerThings,t5_3adlm
1938,dyinglight,t5_2xcav
1939,randomsexygifs,t5_2vpzw
1940,VitaPiracy,t5_3fxlj
1941,Rowing,t5_2qljq
1942,MovieStreamingSites,t5_30tik
1943,Missing411,t5_31d2x
1944,CozyPlaces,t5_34ixl
1945,wallpapers,t5_2qhw4
1946,AdviceAnimals,t5_2s7tt
1947,femalehairadvice,t5_2sgxv
1948,nhaa,t5_qwpqj
1949,DiavoloDeathCount,t5_226d8y
1950,ihavereddit,t5_pc3t3
1951,berlin,t5_2qt49
1952,churning,t5_2vrf0
1953,bakchodi,t5_2tif7
1954,Thailand,t5_2qjw5
1955,CaraDelevingne,t5_2vnok
1956,uAlberta,t5_2spif
1957,leanfire,t5_38u7g
1958,akalimains,t5_38pr2
1959,IllegalLifeProTips,t5_3l99h
1960,chicago,t5_2qh2t
1961,carporn,t5_2rlke
1962,Mustang,t5_2qqel
1963,Telegram,t5_2zmr2
1964,triathlon,t5_2qhyh
1965,discgolf,t5_2qk68
1966,HeadphoneAdvice,t5_3k8u4
1967,GunAccessoriesForSale,t5_h4uwp
1968,MUAontheCheap,t5_3m2bs
1969,MachinePorn,t5_2sdcw
1970,DarlingInTheFranxx,t5_3obo9
1971,CanadaPolitics,t5_2s4gt
1972,PlusSize,t5_2reee
1973,fo76,t5_jrw25
1974,gundeals,t5_2rq8n
1975,FIBA,t5_2sm1e
1976,Roms,t5_2sjex
1977,Muse,t5_2qz0k
1978,legostarwars,t5_2tpjq
1979,pan,t5_2set6
1980,tacobell,t5_2sd9o
1981,ClimateActionPlan,t5_ne8p6
1982,chemistry,t5_2qhf9
1983,MtF,t5_2ub9j
1984,ProJared2,t5_118m18
1985,dark_humor,t5_39pfr
1986,PornhubComments,t5_2w2i8
1987,RapLeaks,t5_fmn3y
1988,inthesoulstone,t5_l2y0i
1989,Paladins,t5_2v7zr
1990,pewdiepie,t5_2tkxs
1991,WTFwish,t5_3pm30
1992,tall,t5_2qv8g
1993,motorsportsstreams,t5_3ixhs
1994,AskScienceFiction,t5_2slu2
1995,battlecats,t5_2tsiy
1996,fantanoforever,t5_310jd
1997,MDMA,t5_2qwvg
1998,panthers,t5_2s1w0
1999,BigBrother,t5_2r4zz
2000,lifeisstrange,t5_32tf7
2001,Economics,t5_2qh1s
2002,HongKong,t5_2rbn0
2003,blackdesertonline,t5_2w6ir
2004,DestinyMemes,t5_32aej
2005,TrueChristian,t5_2u489
2006,HumansAreMetal,t5_3egn8
2007,whiteknighting,t5_2vw2s
2008,bonehurtingjuice,t5_3jwwf
2009,writing,t5_2qh2n
2010,ladyladyboners,t5_2tek4
2011,infj,t5_2r39a
2012,vim,t5_2qhqx
2013,StardustCrusaders,t5_2tny5
2014,ContraPoints,t5_3hets
2015,HuntShowdown,t5_3kh5d
2016,ElsieHewitt,t5_3fk7k
2017,buccaneers,t5_2rd5c
2018,DestinyTheGame,t5_2vq0w
2019,ClashOfClans,t5_2usfk
2020,guitarlessons,t5_2r8ca
2021,FloridaMan,t5_2w7et
2022,13or30,t5_3mzz4
2023,brockhampton,t5_35noh
2024,Mobpsycho100,t5_3b3mr
2025,CryptoCurrency,t5_2wlj3
2026,sexstories,t5_2qt19
2027,electronicmusic,t5_2qmh1
2028,TheWayWeWere,t5_2tp0t
2029,TameraKissen,t5_on6co
2030,shortcuts,t5_2s4si
2031,Broadway,t5_2qudv
2032,coaxedintoasnafu,t5_2w7ch
2033,Dragonballsuper,t5_380mp
2034,onewheel,t5_2zqjs
2035,veganrecipes,t5_2s5ei
2036,VinylDeals,t5_2tw3u
2037,GTAGE,t5_3gs4k
2038,learnpython,t5_2r8ot
2039,youngjustice,t5_2t3l1
2040,foundfelix,t5_trwdo
2041,ExNoContact,t5_319jr
2042,security,t5_2qhvw
2043,Kengan_Ashura,t5_m9xyl
2044,opiates,t5_2r0y3
2045,singing,t5_2rlcx
2046,Overwatch_Memes,t5_3el0q
2047,Minneapolis,t5_2r3bl
2048,LoveLive,t5_31qlw
2049,reactgirls,t5_3aoq2
2050,babyelephantgifs,t5_30vm5
2051,acne,t5_2qse3
2052,DnD,t5_2r9ei
2053,Masterchef,t5_2smz3
2054,illnessfakers,t5_g49g0
2055,ebikes,t5_2si7q
2056,meme,t5_2qi1r
2057,progun,t5_2vtr4
2058,sanantonio,t5_2qqch
2059,HolUp,t5_qir9n
2060,Kingdom,t5_2sl0d
2061,awfuleyebrows,t5_31bxh
2062,HollowKnightMemes,t5_j958e
2063,CashApp,t5_ax3a8
2064,beauty,t5_2qlac
2065,AskScienceDiscussion,t5_2vlah
2066,Saints,t5_2s1wf
2067,joker,t5_2tolo
2068,stopdrinking,t5_2s7yr
2069,VioletSummer,t5_ytb5w
2070,perfectloops,t5_2ubff
2071,Chargers,t5_2rzkb
2072,falcons,t5_2ql17
2073,FloridaGators,t5_2qv2r
2074,plantclinic,t5_38zax
2075,truegaming,t5_2sgq6
2076,Watches,t5_2qls5
2077,Glitch_in_the_Matrix,t5_2tcwa
2078,NYGiants,t5_2ruqw
2079,homestead,t5_2s8lc
2080,French,t5_2rd5t
2081,truerateme,t5_3noa4
2082,familyguy,t5_2quz8
2083,HistoryMemes,t5_2v2cd
2084,guns,t5_2qhc8
2085,pokemongotrades,t5_39w33
2086,pinkfloyd,t5_2qhwe
2087,GameStop,t5_2spz2
2088,Twitter,t5_2qhwg
2089,weather,t5_2qi0i
2090,deadbydaylight,t5_3cb2g
2091,wholesomegifs,t5_3hwza
2092,netflix,t5_2qoxj
2093,RBI,t5_2tayf
2094,dontputyourdickinthat,t5_3h9ul
2095,pesmobile,t5_3gcxf
2096,ps2,t5_2r8uk
2097,facepalm,t5_2r5rp
2098,im14andthisisdeep,t5_2x1rn
2099,gaybros,t5_2tdzg
2100,RealLifeShinies,t5_3f2yn
2101,Blink182,t5_2s593
2102,raining,t5_2y0zz
2103,nevertellmetheodds,t5_38iwx
2104,swordartonline,t5_2uikt
2105,UnsolvedMysteries,t5_2qmsc
2106,FoundPaper,t5_31ksb
2107,Political_Revolution,t5_3ca4m
2108,Python,t5_2qh0y
2109,wiiu,t5_2sjnz
2110,coins,t5_2qhuq
2111,Morrowind,t5_2r9nv
2112,gorillaz,t5_2rnhi
2113,tifu,t5_2to41
2114,motorcycles,t5_2qi6d
2115,magiarecord,t5_3l3by
2116,GamerGhazi,t5_33oia
2117,woooosh,t5_3hblw
2118,BDSMAdvice,t5_3a545
2119,uselessnobody,t5_11o1qt
2120,Animemes,t5_2w6fe
2121,cinematography,t5_2ri38
2122,CrossdressersOnKik,t5_326n5
2123,internet_funeral,t5_z0qc5
2124,victoriajustice,t5_2sd7q
2125,tattoos,t5_2qj9g
2126,subaru,t5_2rdhg
2127,wwiipics,t5_2tb0j
2128,netflixwitcher,t5_ln5kv
2129,ifyoulikeblank,t5_2sekf
2130,SSBM,t5_2so9j
2131,Forex,t5_2qhmq
2132,sploot,t5_37kco
2133,BetterEveryLoop,t5_3abwq
2134,thegabbieshowpics,t5_3grxx
2135,USPS,t5_2r25j
2136,Michigan,t5_2qhtl
2137,AusFinance,t5_2uo3q
2138,GrandTheftAutoV,t5_2t0xk
2139,WeightLossAdvice,t5_31a4o
2140,woahdude,t5_2r8tu
2141,antifastonetoss,t5_tzw6t
2142,history,t5_2qh53
2143,MemeEconomy,t5_3gl3k
2144,MemePiece,t5_2tt3v
2145,shitpost,t5_2t0hh
2146,Dublin,t5_2r1hz
2147,PurplePillDebate,t5_2ya42
2148,NSFWExpectations,t5_3da1g
2149,goodyearwelt,t5_2w64o
2150,makinghiphop,t5_2sqw4
2151,Veterans,t5_2rc75
2152,ThatLookedExpensive,t5_hgik8
2153,photoshopbattles,t5_2tecy
2154,curlyhair,t5_2t79l
2155,NYYankees,t5_2rp0g
2156,de_IAmA,t5_30305
2157,booksuggestions,t5_2ryqe
2158,clevercomebacks,t5_dyqlw
2159,deadclams_diary,t5_22nzno
2160,startups,t5_2qh26
2161,sales,t5_2qib3
2162,grilling,t5_2rcvg
2163,GalaxyWatch,t5_j6cc2
2164,playboicarti,t5_3fmt2
2165,dankvideos,t5_3833d
2166,PoliticalDiscussion,t5_2sfmf
2167,kratom,t5_2qx0h
2168,AskDocs,t5_2xtuc
2169,JustNoSO,t5_3982d
2170,China,t5_2qh2v
2171,hiphopheads,t5_2rh4c
2172,RagnarokMobile,t5_3f9la
2173,Omaha,t5_2qihb
2174,formula1,t5_2qimj
2175,nope,t5_2s5fh
2176,trucksim,t5_2sbs2
2177,gatech,t5_2r8t2
2178,brasilivre,t5_351wl
2179,learnmath,t5_2rdi4
2180,intermittentfasting,t5_2tluu
2181,OCD,t5_2qvqm
2182,MonsterHunter,t5_2rron
2183,assholedesign,t5_33o0p
2184,CanadianMOMs,t5_3i30o
2185,civ,t5_2rk3b
2186,ofcoursethatsathing,t5_2xgrs
2187,redditsings,t5_2x1az
2188,CatSlaps,t5_37dym
2189,stalker,t5_2r74m
2190,XWingTMG,t5_2vsga
2191,DuelLinks,t5_3g70s
2192,compsci,t5_2qhmr
2193,DesirePath,t5_2yipe
2194,IRLEasterEggs,t5_3aa4j
2195,ipad,t5_2rgny
2196,hardstyle,t5_2rluz
2197,modernwarfare,t5_2r8qf
2198,euphoria,t5_2ssjq
2199,fatwomenlove,t5_oist5
2200,MemeTemplatesOfficial,t5_3k0bl
2201,ShitAmericansSay,t5_2w57u
2202,vegancirclejerk,t5_2sgfh
2203,lucifer,t5_2sbp9
2204,ABoringDystopia,t5_3c6l1
2205,wowservers,t5_2t61d
2206,Lovecraft,t5_2qjt4
2207,Pete_Buttigieg,t5_nahld
2208,VirginiaTech,t5_2r39x
2209,MurderedByWords,t5_3hx3r
2210,Techno,t5_2r5uc
2211,DCEUleaks,t5_3d4ob
2212,personalfinance,t5_2qstm
2213,fatFIRE,t5_3hqta
2214,Republican,t5_2qndt
2215,flashlight,t5_2qjmy
2216,CombatFootage,t5_2v0c6
2217,iosgaming,t5_2sc2s
2218,MGTOW,t5_2sjgc
2219,slammywhammies,t5_hyon6
2220,AreYouTheOne,t5_340rf
2221,technicallythetruth,t5_3pzez
2222,PinkOmega,t5_38hzu
2223,football,t5_2qkr5
2224,mattcolville,t5_3f0mp
2225,UIUC,t5_2qkxs
2226,Persona5,t5_2vnbs
2227,AbruptChaos,t5_3nasz
2228,googlehome,t5_3enp4
2229,audiobooks,t5_2qqq5
2230,horizon,t5_2s5h5
2231,FreckledGirls,t5_2vxds
2232,albiononline,t5_2wiw0
2233,airsoft,t5_2qi2x
2234,tiktokthots,t5_rjlwy
2235,lotrmemes,t5_2v0i1
2236,fuckHOA,t5_3ej9f
2237,mycology,t5_2qu6q
2238,FifaCareers,t5_2tzz3
2239,DanLeBatardShow,t5_34265
2240,SocialistRA,t5_37lnk
2241,homegym,t5_2ts8i
2242,TIGHTPUSSY,t5_2whdk
2243,TheGoodPlace,t5_3ekfb
2244,pkmntcg,t5_2s9kv
2245,skyrimmods,t5_2sqqh
2246,Feminism,t5_2qr7i
2247,Humanoidencounters,t5_31wuv
2248,dadswhodidnotwantpets,t5_zi8mg
2249,serialkillers,t5_2s9td
2250,redditgetsdrawn,t5_2tjl7
2251,SquaredCircle,t5_2sljg
2252,MichiganWolverines,t5_2s3vu
2253,NobodyAsked,t5_3ods7
2254,cringepics,t5_2va9w
2255,entertainment,t5_2qh0f
2256,ffxiv,t5_2rgs7
2257,Nootropics,t5_2r81c
2258,AnotherEdenGlobal,t5_vii9r
2259,Animedubs,t5_2ur9o
2260,FashionRepsBST,t5_3ipuw
2261,BadMUAs,t5_3jiim
2262,gachagaming,t5_3l98x
2263,SuicideWatch,t5_2qpzs
2264,AskWomenOver30,t5_2ya5k
2265,antiMLM,t5_2swge
2266,oddlysatisfying,t5_2x93b
2267,gadgets,t5_2qgzt
2268,vegetarian,t5_2qm7x
2269,Colts,t5_2r6es
2270,urbanplanning,t5_2qhp7
2271,learnprogramming,t5_2r7yd
2272,portugal,t5_2qmie
2273,powerlifting,t5_2s4tp
2274,Damnthatsinteresting,t5_2xxyj
2275,xkcd,t5_2qh0z
2276,ketogains,t5_2v5mu
2277,wicked_edge,t5_2s46m
2278,custommagic,t5_2sbcz
2279,japanpics,t5_2vnt5
2280,GolfClash,t5_3ioqe
2281,awwwtf,t5_2td5w
2282,Awwducational,t5_2vi0z
2283,StreetFighter,t5_2qnu5
2284,Spanish,t5_2qtt1
2285,fireemblem,t5_2t0cn
2286,Vaping101,t5_2xcp6
2287,PremierLeague,t5_2scup
2288,minecraftsuggestions,t5_2s3oo
2289,Shadowrun,t5_2s4v2
2290,6thForm,t5_2ybtn
2291,netsec,t5_1rqwi
2292,AskEurope,t5_2uayg
2293,rolltide,t5_2sanc
2294,gamindustri,t5_2w8vg
2295,Austria,t5_2qo9i
2296,TrollXChromosomes,t5_2sekm
2297,BestOfReports,t5_33e8s
2298,TrueDoTA2,t5_2tk78
2299,howtonotgiveafuck,t5_2tna8
2300,ZeroWaste,t5_2wf12
2301,Battlefield,t5_2rdgw
2302,singapore,t5_2qh8c
2303,transpassing,t5_2t5fu
2304,newzealand,t5_2qhma
2305,AngieVaronaLegal,t5_2ufiv
2306,Archery,t5_2r256
2307,gamecollecting,t5_2s8fe
2308,BrieLarson,t5_2shxl
2309,Idubbbz,t5_32yle
2310,DetailCraft,t5_2xj87
2311,toddlers,t5_2ta5v
2312,supremeclothing,t5_2tual
2313,UTAustin,t5_2qy08
2314,criterion,t5_2sa39
2315,Minecraft,t5_2r05i
2316,overclocking,t5_2rfc8
2317,naturalbodybuilding,t5_2vx10
2318,teamliquid,t5_2saq7
2319,ObscureMedia,t5_2rgdp
2320,emojipasta,t5_39n7p
2321,CatsStandingUp,t5_2tq4v
2322,CalamariRaceTeam,t5_2ufz8
2323,AskMen,t5_2s30g
2324,ARK,t5_2r3em
2325,goldenretrievers,t5_2st00
2326,Shoestring,t5_2vv1j
2327,NarutoFanfiction,t5_2yhj6
2328,simpleliving,t5_2r0za
2329,dvdcollection,t5_2sm9e
2330,Anarcho_Capitalism,t5_2qorf
2331,PragerUrine,t5_fpe3w
2332,instant_regret,t5_32dy0
2333,CarAV,t5_2t73y
2334,saraba1st,t5_3md75
2335,SpaceXMasterrace,t5_32frp
2336,bhadiebhabe,t5_22r2nw
2337,NoGameNoLife,t5_31ajv
2338,JusticeServed,t5_2vxxc
2339,holdmyjuicebox,t5_2zxz6
2340,circlebroke2,t5_2tzax
2341,myfavoritemurder,t5_3ei8g
2342,rva,t5_2qpvj
2343,pyrocynical,t5_3aw4y
2344,PeopleFuckingDying,t5_3blco
2345,OnePiece,t5_2rfz5
2346,GlitchInTheMatrix,t5_2tcw3
2347,LiverpoolFC,t5_2qn0o
2348,arabs,t5_2qt0d
2349,shittydarksouls,t5_2xn7q
2350,catsareliquid,t5_3jmfh
2351,intel,t5_2rm1b
2352,DaysGone,t5_3born
2353,tylerthecreator,t5_2vez1
2354,logodesign,t5_2s4v6
2355,PeakyBlinders,t5_2y8zl
2356,philadelphia,t5_2qh24
2357,AskThe_Donald,t5_3fuwj
2358,femalefashionadvice,t5_2s8o5
2359,shiba,t5_2s5ny
2360,movies,t5_2qh3s
2361,ImaginaryWarhammer,t5_360vi
2362,starbound,t5_2tkp6
2363,linuxquestions,t5_2rbms
2364,NoPixel,t5_3gaer
2365,EDanonymemes,t5_rczr0
2366,softwaregore,t5_2w2ea
2367,CaptainSparklez,t5_2ugwy
2368,NASCAR,t5_2qs08
2369,Target,t5_2s7xv
2370,feetpics,t5_39d49
2371,pointlesslygendered,t5_37f5r
2372,IndiaInvestments,t5_2w2p7
2373,GunsAreCool,t5_2uvah
2374,EmilyRatajkowski,t5_2uyxt
2375,blessedimages,t5_3j7rv
2376,StreetFights,t5_2r1v2
2377,yakuzagames,t5_2xx8w
2378,yugioh,t5_2rpe6
2379,California,t5_2qhsz
2380,dankgentina,t5_3hksc
2381,maybemaybemaybe,t5_38e1l
2382,medievaldoctor,t5_4bltj
2383,marijuanaenthusiasts,t5_2uzej
2384,de,t5_22i0
2385,WaltDisneyWorld,t5_2te6p
2386,StardewValley,t5_2wb7y
2387,MealPrepSunday,t5_37cer
2388,CatastrophicFailure,t5_38tab
2389,egg_irl,t5_3n3op
2390,RushWars,t5_22fn7x
2391,Catholicism,t5_2qi4f
2392,snapchat,t5_2uauz
2393,twentyonepilots,t5_2u0fp
2394,dankmemes,t5_2zmfe
2395,TropicalWeather,t5_2sue1
2396,Fuckthealtright,t5_3fdcn
2397,bikecommuting,t5_2tbmq
2398,army,t5_2qtr8
2399,TeenMomOGandTeenMom2,t5_3nsi0
2400,AnthemTheGame,t5_3lspr
2401,2meirl42meirl4meirl,t5_3c0nx
2402,EntitledBitch,t5_trgqh
2403,medicalschoolanki,t5_3l2jt
2404,whatisthisthing,t5_2s3kh
2405,DuggarsSnark,t5_fl4tn
2406,Bundesliga,t5_2s82y
2407,virtualreality,t5_2qp9o
2408,ExtraFabulousComics,t5_2y9ex
2409,dogswithjobs,t5_305li
2410,jurassicworldevo,t5_3nthb
2411,2b2t,t5_2tse5
2412,Kings_Raid,t5_3jui6
2413,Mommit,t5_2s3i3
2414,bangalore,t5_2qhvf
2415,scuba,t5_2qhii
2416,giantbomb,t5_2rlj3
2417,CrackWatch,t5_3gnpj
2418,DoraMadison,t5_22eubs
2419,webcomics,t5_2qh2w
2420,imveryedgy,t5_3jduj
2421,flicks,t5_2uiee
2422,getdisciplined,t5_2uzju
2423,chaoticgood,t5_2qjo5
2424,DiWHY,t5_2z635
2425,LiveTvLinks,t5_3emrs
2426,OculusQuest,t5_p2wzd
2427,DarkJokeCentral,t5_3k67q
2428,VlogSquadGirls,t5_iz5gz
2429,30ROCK,t5_2rgm3
2430,suddenlybi,t5_i43cr
2431,SpeedOfLobsters,t5_opcpz
2432,OkCupid,t5_2rct2
2433,mobilelegends,t5_3gvmo
2434,Pets,t5_2qh6o
2435,saltierthancrait,t5_9d1wl
2436,Pikabu,t5_2tzr0
2437,Warthunder,t5_2uc6j
2438,productgif,t5_236dof
2439,TalesFromThePharmacy,t5_2v6of
2440,CallMeCarson,t5_3fnqw
2441,Standup,t5_2r18f
2442,Reds,t5_2sbv5
2443,furry,t5_2qi2h
2444,bisexual,t5_2qwnx
2445,boomershumor,t5_yk2eg
2446,greentext,t5_2srr9
2447,ShitRedditSays,t5_2s4m9
2448,Stormlight_Archive,t5_2sq9v
2449,PCOS,t5_2ryc6
2450,drumcorps,t5_2rwjm
2451,electricians,t5_2slrm
2452,BabyBumps,t5_2s7cl
2453,reddevils,t5_2rxse
2454,xmen,t5_2s4cn
2455,linguistics,t5_2qhos
2456,dragonage,t5_2r8lo
2457,skiing,t5_2qig7
2458,KitchenConfidential,t5_2sa8b
2459,HailCorporate,t5_2t1sc
2460,metacanada,t5_2sh5g
2461,animenocontext,t5_2ug7w
2462,grindr,t5_2tj2f
2463,synthesizers,t5_2rdyc
2464,Professors,t5_2svhp
2465,disneyvacation,t5_3e60r
2466,cardano,t5_3jns3
2467,pussypassdenied,t5_3328c
2468,keto,t5_2rske
2469,postmates,t5_32eeg
2470,CrazyHand,t5_33vle
2471,vandwellers,t5_2rnwo
2472,kodi,t5_32uhe
2473,OldSchoolCool,t5_2tycb
2474,ElectricScooters,t5_3p4fe
2475,nononono,t5_2w1gn
2476,Monero,t5_31hbr
2477,PUBGMobile,t5_4bp1y
2478,MMORPG,t5_2qlxw
2479,malelivingspace,t5_2v70p
2480,SexyWomanOfTheDay,t5_2xk99
2481,manchester,t5_2qhjj
2482,Cumtown,t5_3f2nu
2483,Deltarune,t5_qmi8w
2484,DragonMaid,t5_3i218
2485,dancemoms,t5_2u0sl
2486,ShitLiberalsSay,t5_2ukze
2487,grandsummoners,t5_3jzwa
2488,WindowsMR,t5_3k7hg
2489,atheism,t5_2qh2p
2490,news,t5_2qh3l
2491,CSRRacing2,t5_3f9xo
2492,twice,t5_3812p
2493,im14andthisiswoooosh,t5_zfvqe
2494,GenderCynical,t5_32yl1
2495,Hawaii,t5_2qi3u
2496,goddesses,t5_2xahv
2497,EngineeringPorn,t5_2smf3
2498,dank_meme,t5_35fdv
2499,Deusex,t5_2r0qr
2500,quotes,t5_2qhdx
2501,dogelore,t5_n82s4
2502,redditmobile,t5_2rmtr
2503,watercooling,t5_2r01v
2504,warriors,t5_2rtiv
2505,pickuplines,t5_2qkd4
2506,freedommobile,t5_3hlgr
2507,TumblrInAction,t5_2vizz
2508,hometheater,t5_2rof6
2509,RedHotChiliPeppers,t5_2s504
2510,characterdrawing,t5_2v4r3
2511,shorthairedhotties,t5_2s022
2512,DunderMifflin,t5_2s9h3
2513,saplings,t5_2rukl
2514,PokemonMasters,t5_31qu9
2515,AskUK,t5_2t4s3
2516,PunPatrol,t5_q4neh
2517,doctorwho,t5_2qhek
2518,SomeOrdinaryGmrs,t5_33pr3
2519,estoration,t5_2ww45
2520,miraculousladybug,t5_39tdz
2521,FinancialCareers,t5_2scvl
2522,SoccerBetting,t5_2r4wz
2523,metalgearsolid,t5_2s4hr
2524,loseit,t5_2rz8w
2525,Animesuggest,t5_2ssl0
2526,unitedkingdom,t5_2qhqb
2527,Ultralight,t5_2s7p2
2528,politics,t5_2cneq
2529,LetsTalkMusic,t5_2t4it
2530,finance,t5_2qhfj
2531,lfg,t5_2rcvr
2532,spongebob,t5_2sc60
2533,YagateKiminiNaru,t5_iiw49
2534,thanksihateit,t5_9xica
2535,shittymoviedetails,t5_3mj3w
2536,gtaonline,t5_2xrd1
2537,usenet,t5_2qucj
2538,beetlejuicing,t5_2w1qa
2539,simracing,t5_2quee
2540,androiddev,t5_2r26y
2541,law,t5_2qh9k
2542,starwarsmemes,t5_2wzm6
2543,PoliticalCompassMemes,t5_3ipa1
2544,Paranormal,t5_2qjxn
2545,LGBTeens,t5_2t8gr
2546,Sims4,t5_2x5o7
2547,gwent,t5_384zi
2548,FeetToesAndSocks,t5_3j2ce
2549,dndmaps,t5_3isai
2550,bestof,t5_2qh3v
2551,ImaginarySliceOfLife,t5_5rsnx
2552,nsfwbabesnude,t5_353lt
2553,StarWarsLeaks,t5_2vflj
2554,bollywood,t5_2qhqk
2555,AskAnthropology,t5_2wl4u
2556,me_irlgbt,t5_3apfn
2557,AnimalsBeingDerps,t5_2xbrg
2558,FFBraveExvius,t5_34n2x
2559,Charleston,t5_2qi6h
2560,Note10wallpapers,t5_y41kv
2561,PornStarPlanet,t5_u2j7b
2562,RedLetterMedia,t5_2tuot
2563,GradSchool,t5_2r4r8
2564,phillies,t5_2qjl8
2565,ArtefactPorn,t5_313fb
2566,zerocarb,t5_2s4q6
2567,AdvancedRunning,t5_2t1rd
2568,internetparents,t5_31jj6
2569,Overwatch,t5_2u5kl
2570,LelaStarFanClub,t5_2x87u
2571,natureismetal,t5_324zi
2572,BeautifulFemales,t5_32pud
2573,iOSthemes,t5_2w997
2574,RDR2,t5_31dpg
2575,ProRevenge,t5_2vjvl
2576,rareinsults,t5_48t85
2577,flying,t5_2qm1t
2578,YMS,t5_2yap0
2579,CourtneyMiller,t5_3gew5
2580,KingOfTheHill,t5_2s6dm
2581,spaceporn,t5_2s9jc
2582,ShingekiNoKyojin,t5_2we2n
2583,pdX1,t5_20iyrh
2584,ChildrenFallingOver,t5_2yo2z
2585,sto,t5_2rfq3
2586,actualconspiracies,t5_30i8o
2587,underlords,t5_117kpk
2588,thesims,t5_2rbdu
2589,slaythespire,t5_3hbbd
2590,Metal,t5_2qhud
2591,MortalKombat,t5_2robf
2592,Letterkenny,t5_332fj
2593,intj,t5_2qowo
2594,wasletztepreis,t5_3ntp6
2595,Stims,t5_2z6kb
2596,CFB,t5_2qm9d
2597,announcements,t5_2r0ij
2598,SubredditDrama,t5_2ss5b
2599,YouShouldKnow,t5_2r94o
2600,NotHowGirlsWork,t5_adf18
2601,MachineLearning,t5_2r3gv
2602,raidsecrets,t5_3560n
2603,Anxiety,t5_2qmij
2604,PrimeiraLiga,t5_39lft
2605,Moviesinthemaking,t5_2uiff
2606,HaileeSteinfeld,t5_2sjwz
2607,GetMotivated,t5_2rmfx
2608,russia,t5_2qh75
2609,ExpectationVsReality,t5_2t6xs
2610,Gloomhaven,t5_3hpmt
2611,MensRights,t5_2qhk3
2612,cpp,t5_2qi27
2613,r4rtoronto,t5_2txs6
2614,StudentLoans,t5_2ror6
2615,pornfree,t5_2rglh
2616,britishproblems,t5_2sumw
2617,IdiotsFightingThings,t5_2xp2o
2618,selfie,t5_2w2f5
2619,battlefield_one,t5_3eer4
2620,kingdomcome,t5_2zi6m
2621,standupshots,t5_2uxtj
2622,sharditkeepit,t5_389nk
2623,Polska,t5_2qiqo
2624,InsanePeopleQuora,t5_jxg93
2625,Android,t5_2qlqh
2626,worldbuilding,t5_2rd6n
2627,sportsbook,t5_2s3v4
2628,PlanetZoo,t5_3h0wq
2629,rockets,t5_2rnac
2630,PrettyGirls,t5_2rub3
2631,leaves,t5_2s9i3
2632,lastimages,t5_2wjmx
2633,LawSchool,t5_2rb9g
2634,pokemongo,t5_34jka
2635,options,t5_2r8rv
2636,offmychest,t5_2ranw
2637,java,t5_2qhd7
2638,mythbusters,t5_2qtxd
2639,russian,t5_2qlc6
2640,ClassyPornstars,t5_2usvj
2641,Epstein,t5_1lruuu
2642,Competitiveoverwatch,t5_34fcy
2643,soccerstreamm2019,t5_1ymd4n
2644,Watchexchange,t5_2sqne
2645,golang,t5_2rc7j
2646,techsupportgore,t5_2tnbv
2647,washingtondc,t5_2qi2g
2648,powerwashingporn,t5_2u9ev
2649,FinalFantasy,t5_2qhdi
2650,ukpolitics,t5_2qhcv
2651,corinnakopf,t5_3ntgq
2652,bladeandsoul,t5_2skd6
2653,SnapchatSingles,t5_39g3m
2654,tryonhaul,t5_i7143
2655,streetmoe,t5_hh9sr
2656,starwarsspeculation,t5_3a3kv
2657,sixers,t5_2scmr
2658,trap,t5_2qx81
2659,hoggit,t5_2tifv
2660,excel,t5_2qur2
2661,DecreasinglyVerbose,t5_daqs0
2662,SpaceXLounge,t5_3eye9
2663,rawdenim,t5_2scl9
2664,Emo,t5_2qnef
2665,unrealengine,t5_2x11n
2666,HFY,t5_2y95n
2667,CampingandHiking,t5_2qqom
2668,greenday,t5_2snhx
2669,insaneparents,t5_3pkgv
2670,Eve,t5_2qil9
2671,Bumble,t5_3531l
2672,ForeverAloneDating,t5_2sdpe
2673,HydroHomies,t5_10288s
2674,Psychonaut,t5_2qplv
2675,BigCatGifs,t5_3an0q
2676,veganfitness,t5_2smq8
2677,humblebrag,t5_2snwn
2678,suicidebywords,t5_3on1q
2679,imaginarymaps,t5_2vqof
2680,leangains,t5_2saqe
2681,Tierzoo,t5_3ns27
2682,transpositive,t5_2tku5
2683,Ingress,t5_2vij9
2684,SamandTolki,t5_33ygd
2685,chapotraphouse2,t5_3p178
2686,beyondthebump,t5_2u06v
2687,redscarepod,t5_hq6n1
2688,surfing,t5_2qmde
2689,Thetruthishere,t5_2sntx
2690,wholesomeyuri,t5_3jom8
2691,Psychic,t5_2qmhd
2692,NonBinary,t5_2vcez
2693,shittyrainbow6,t5_3h1lw
2694,LineageOS,t5_3htpk
2695,Dogfree,t5_2ud8e
2696,Homebrewing,t5_2qj8u
2697,alenjadramercede,t5_ogabs
2698,drugscirclejerk,t5_2twtv
2699,jacksepticeye,t5_2za58
2700,kansascity,t5_2qngc
2701,hacking,t5_2qhva
2702,entitledparentsmemes,t5_w4adq
2703,DestinyFashion,t5_38c6g
2704,vita,t5_2sjmv
2705,AnimalCrossing,t5_2ro2c
2706,StrongCurves,t5_36f3j
2707,foodhacks,t5_2u5q1
2708,CelticFC,t5_2snki
2709,roblox,t5_2rnsh
2710,SGExams,t5_3ph6l
2711,AskWomen,t5_2rxrw
2712,smalldickproblems,t5_2uctx
2713,Disneyland,t5_2s0df
2714,pittsburgh,t5_2qhrn
2715,serbia,t5_2ql0k
2716,IncelsWithoutHate,t5_3jxsz
2717,woodworking,t5_2qlqp
2718,WoT,t5_2rdg1
2719,SiegeAcademy,t5_3jojv
2720,OutOfTheLoop,t5_2xinb
2721,tea,t5_2qq5e
2722,boardgames,t5_2qmjp
2723,seduction,t5_2qhrv
2724,cosplaygirls,t5_2t0j5
2725,IndieGaming,t5_2r0e3
2726,fitness30plus,t5_2zswl
2727,IndiaSpeaks,t5_3d4x4
2728,fakehistoryporn,t5_3gyaj
2729,CannabisExtracts,t5_2r341
2730,imsorryjon,t5_plyak
2731,blackladies,t5_2vk9t
2732,Cytus,t5_2zc93
2733,wholesomememes,t5_3gcwj
2734,InfowarriorRides,t5_h6jkg
2735,TuberSimulator,t5_3gmlm
2736,reddit.com,t5_6
2737,toastme,t5_39em5
2738,creepy,t5_2raed
2739,gatekeeping,t5_3fkyp
2740,perth,t5_2r78m
2741,golf,t5_2qhcs
2742,metro,t5_2s6xo
2743,PokemonGoSpoofing,t5_3fekc
2744,stupidpol,t5_hitz3
2745,forhonorknights,t5_3iutp
2746,starcitizen,t5_2v94d
2747,statistics,t5_2qhfi
2748,Rainbow6TTS,t5_3jb2v
2749,beermoney,t5_2s5or
2750,reddeadmysteries,t5_l67cu
2751,Amsterdam,t5_2r117
2752,PFSENSE,t5_2ruru
2753,ATT,t5_2rqvm
2754,oddlyterrifying,t5_2yo6b
2755,KissAnime,t5_334r0
2756,MarioMaker,t5_324q9
2757,ManchesterUnited,t5_2r3io
2758,Logic_301,t5_3d4si
2759,EverythingScience,t5_2zlwp
2760,webdev,t5_2qs0q
2761,Diablo,t5_2qore
2762,texas,t5_2qho4
2763,WormFanfic,t5_33pt9
2764,CompetitiveHS,t5_31ns2
2765,comedyheaven,t5_h1pmw
2766,discworld,t5_2rh3j
2767,photography,t5_2qh2a
2768,weddingshaming,t5_nhaha
2769,CompetitiveEDH,t5_2y62p
2770,fuckepic,t5_ylwlg
2771,pakistan,t5_2qh89
2772,trypophobia,t5_2sv6l
2773,Minecraftbuilds,t5_2sdk4
2774,msp,t5_2slwq
2775,Firefighting,t5_2ray9
2776,bostontrees,t5_2s8kk
2777,The_Crew,t5_2xiux
2778,starcraft,t5_2qpp6
2779,LaptopDeals,t5_2tvg5
2780,DarK,t5_2qj1h
2781,BollyBlindsNGossip,t5_fknyy
2782,bicycling,t5_2qi0s
2783,BarbaraPalvin,t5_2u4ol
2784,samsung,t5_2rkar
2785,Bestbuy,t5_2rofz
2786,CurseofStrahd,t5_9pba2
2787,195,t5_2v01c
2788,MomForAMinute,t5_3g7sw
2789,quityourbullshit,t5_2y8xf
2790,BreadStapledToTrees,t5_3jnh6
2791,beatMeatToIt,t5_xdl0o
2792,chefknives,t5_33l1t
2793,startrek,t5_2qixm
2794,architecture,t5_2qhae
2795,cosplaybabes,t5_31yrl
2796,cars,t5_2qhl2
2797,Loserfruit,t5_36tgb
2798,buffy,t5_2sd68
2799,Sino,t5_38jyn
2800,BokuNoHeroAcademia,t5_34a0h
2801,dontyouknowwhoiam,t5_38rz1
2802,GalaxyNote8,t5_32nso
2803,Silverbugs,t5_2t1b5
2804,ar15,t5_2reap
2805,trackers,t5_2rjuw
2806,PartyParrot,t5_3eyx3
2807,battlebots,t5_2ts52
2808,tales,t5_2t9fb
2809,bartenders,t5_2smw0
2810,GTAV,t5_2rjys
2811,indonesia,t5_2qkte
2812,beholdthemasterrace,t5_37zh6
2813,CFL,t5_2qiwn
2814,indianapolis,t5_2rtt2
2815,EngineeringStudents,t5_2sh0b
2816,Metallica,t5_2qwwr
2817,steroids,t5_2rifm
2818,minecraftseeds,t5_2sc8m
2819,yoga,t5_2qhq6
2820,KGATLW,t5_38w8r
2821,AssassinsCreedOdyssey,t5_jxr3m
2822,spacex,t5_2srow
2823,13ReasonsWhy,t5_3ak9u
2824,rpg,t5_2qh2s
2825,rpghorrorstories,t5_3fk9d
2826,ForeverAlone,t5_2s3yz
2827,WalmartCelebrities,t5_ydun4
2828,askscience,t5_2qm4e
2829,ListOfSubreddits,t5_32sxp
2830,Art,t5_2qh7a
2831,raspberry_pi,t5_2syto
2832,weightroom,t5_2ssmu
2833,thalassophobia,t5_2xfs1
2834,coolguides,t5_310rm
2835,GifRecipes,t5_3410y
2836,ImaginaryLandscapes,t5_2sf9b
2837,HurricaneDorian,t5_pr1to
2838,Israel,t5_2qhvo
2839,Avengers,t5_2sb1u
2840,controlgame,t5_kbrr3
2841,MBA,t5_2rbd9
2842,SchoolIdolFestival,t5_31rt4
2843,nin,t5_2qhwq
2844,badphilosophy,t5_2sa6z
2845,StudentNurse,t5_2vqzl
2846,node,t5_2reca
2847,ENLIGHTENEDCENTRISM,t5_3o0h8
2848,shitpostemblem,t5_37gei
2849,Pauper,t5_30kju
2850,Parahumans,t5_2x7ww
2851,C_Programming,t5_2qhoe
2852,NarutoBlazing,t5_3fg4n
2853,nhl,t5_2qrrq
2854,Davie504,t5_r9z1a
2855,Warhammer40k,t5_2rr81
2856,disneyemojiblitz,t5_3fgl5
2857,oddlyspecific,t5_2wjlc
2858,AskAnAmerican,t5_2uah7
2859,AsianMasculinity,t5_30c2m
2860,Vinesauce,t5_2uks1
2861,Metroid,t5_2rrd6
2862,TheDickShow,t5_3expj
2863,audible,t5_2qlq6
2864,gameofthrones,t5_2rjz2
2865,SlyGifs,t5_3718t
2866,computerscience,t5_2qj8o
2867,Mattress,t5_2rnrs
2868,idonthavesex,t5_3nxyq
2869,LiveFromNewYork,t5_2s7yh
2870,PuppySmiles,t5_346cl
2871,transgender,t5_2qxpm
2872,raleigh,t5_2r0z3
2873,physicsmemes,t5_38d4q
2874,linux,t5_2qh1a
2875,hearthstonecirclejerk,t5_2y8lt
2876,SommerRay,t5_3empg
2877,residentevil,t5_2s0lb
2878,LoLeventVoDs,t5_2ux5s
2879,seinfeld,t5_2qt3b
2880,Hulu,t5_2qhxb
2881,bruhmoment,t5_pugme
2882,forhire,t5_2qzbh
2883,food,t5_2qh55
2884,iRacing,t5_2s3h8
2885,unexpectedoffice,t5_3ho5f
2886,prettyaltgirls,t5_377ld
2887,WordAvalanches,t5_30aps
2888,Garmin,t5_2t5id
2889,granturismo,t5_2s4f7
2890,recipes,t5_2qh56
2891,chadsriseup,t5_j941b
2892,CatTaps,t5_3dae3
2893,bigboobproblems,t5_2ubfr
2894,opendirectories,t5_2r1e4
2895,CrazyIdeas,t5_2snxj
2896,CrackheadCraigslist,t5_3m1o7
2897,birdswitharms,t5_2skt0
2898,HomeImprovement,t5_2ql97
2899,Hue,t5_2vao5
2900,UnexpectedMulaney,t5_3h7hp
2901,rugbyunion,t5_2qkbe
2902,dauntless,t5_2vmcy
2903,rust,t5_2s7lj
2904,Komi_san,t5_3ptdy
2905,Drama,t5_2rd2l
2906,TrueAskReddit,t5_2s91q
2907,emacs,t5_2qhwu
2908,sewing,t5_2sczp
2909,CayleeCowan,t5_iwzhp
2910,CFLStreams,t5_39emo
2911,whowouldwin,t5_2s599
2912,productivity,t5_2qh1k
2913,IPTV,t5_2scyp
2914,tressless,t5_2shlm
2915,sadcats,t5_2qr26
2916,mealtimevideos,t5_32abf
2917,AmateurRoomPorn,t5_2wvyf
2918,PimplePoppersDelight,t5_3pa5j
2919,Tendies,t5_3661k
2920,WouldYouRather,t5_2qr1y
2921,badunitedkingdom,t5_3jrjf
2922,sweden,t5_2qofe
2923,JonWinsTheThrone,t5_yoyii
2924,malefashionadvice,t5_2r65t
2925,darkhumorjokes,t5_354kk
2926,HistoryPorn,t5_2skqi
2927,Fishing,t5_2qlu4
2928,notliketheothergirls,t5_3opft
2929,Nest,t5_2trj7
2930,aznidentity,t5_3amv4
2931,deathnote,t5_2riqp
2932,Floridar4r,t5_2tn3t
2933,AirForce,t5_2roa2
2934,ketorecipes,t5_2t46o
2935,pcmasterrace,t5_2sgp1
2936,biology,t5_2qhn7
2937,nottheonion,t5_2qnts
2938,tampa,t5_2r7ih
2939,teenagersnew,t5_hcxiu
2940,MakeupLounge,t5_vuqjc
2941,itsaunixsystem,t5_2xxaq
2942,benzodiazepines,t5_2s4go
2943,wow,t5_2qio8
2944,fakecartridges,t5_yt6in
2945,Perfectfit,t5_2w9it
2946,WildernessBackpacking,t5_2zmsv
2947,justneckbeardthings,t5_2xp02
2948,twerknsfw,t5_3a8wc
2949,tf2shitposterclub,t5_36k8a
2950,ufc,t5_2qsev
2951,dashcamgifs,t5_2yoxz
2952,AnimeCalendar,t5_3g3rt
2953,bettafish,t5_2udkc
2954,soccercirclejerk,t5_2tfso
2955,witchcraft,t5_2s0ge
2956,askcarsales,t5_2vhkv
2957,solotravel,t5_2rxxm
2958,CruciblePlaybook,t5_37lup
2959,GalaxyNote9,t5_32nt0
2960,Unexpected,t5_2w67q
2961,TheWeeknd,t5_2t9fh
2962,SoCalR4R,t5_2tzxi
2963,sysadmin,t5_2qnp7
2964,trebuchetmemes,t5_3b712
2965,Roast_Me,t5_3dcm9
2966,translator,t5_2ss9z
2967,RATS,t5_2qnh3
2968,fitbit,t5_2tat5
2969,NetflixBestOf,t5_2ro0h
2970,realasians,t5_2spbj
2971,DemEyesDoe,t5_335nc
2972,ShouldIbuythisgame,t5_2ud8h
2973,reactjs,t5_2zldd
2974,youngpeopleyoutube,t5_nngwo
2975,Nioh,t5_39y47
2976,BlackPeopleTwitter,t5_33x33
2977,Boomerhumour,t5_zcyef
2978,poland,t5_2qkmn
2979,BoJackHorseman,t5_2zzfr
2980,forza,t5_2rzao
2981,keming,t5_2u2fb
2982,streetwearstartup,t5_2z6wn
2983,gamernews,t5_2sc3f
2984,Keep_Track,t5_3l0z5
2985,TwinCities,t5_2r7ar
2986,SnapLenses,t5_ae7an
2987,unpopularopinion,t5_2tk0s
2988,Fantasy_Football,t5_2qxqc
2989,ottawa,t5_2qpoo
2990,deadcells,t5_3cwrt
2991,uber,t5_2t1iv
2992,MarvelStudiosSpoilers,t5_3e7dq
2993,PrequelMemes,t5_3i60n
2994,awfuleverything,t5_346d4
2995,tumblr,t5_2r7hk
2996,remnantgame,t5_kenii
2997,csharp,t5_2qhdf
2998,audioengineering,t5_2qkby
2999,latterdaysaints,t5_2uas2
3000,MinecraftMemes,t5_2sq0h
3001,xxketo,t5_2u80h
3002,Astronomy,t5_2qhor
3003,breakingmom,t5_2y6ap
3004,nSuns,t5_3isih
3005,pharmacy,t5_2qjl3
3006,uofm,t5_2rjkn
3007,starbucks,t5_2qwza
3008,Winnipeg,t5_2qtno
3009,ChernobylTV,t5_w7o5s
3010,argentina,t5_2qlht
3011,osugame,t5_2s3lm
3012,eatsandwiches,t5_2s643
3013,1500isplenty,t5_37cns
3014,Doom,t5_2qzwi
3015,minipainting,t5_2scss
3016,MandelaEffect,t5_2zejk
3017,Survival,t5_2qh7j
3018,BattlefieldV,t5_2uxp8
3019,TrueOffMyChest,t5_2yuqy
3020,INEEEEDIT,t5_3lwod
3021,amazon,t5_2qjnx
3022,DQBuilders,t5_3guue
3023,ProperAnimalNames,t5_3eean
3024,thebachelor,t5_2tj74
3025,india,t5_2qh1q
3026,ScarySigns,t5_33f6p
3027,geology,t5_2qshr
3028,StateOfDecay,t5_2utnn
3029,Nationals,t5_2s9ce
3030,lanadelrey,t5_2tegk
3031,haikyuu,t5_2ygi4
3032,Kenshi,t5_2td4i
3033,awakened,t5_2ubdb
3034,SBU,t5_2sa4t
3035,AndroidTV,t5_2ypi5
3036,funkopop,t5_2ulbr
3037,comedyhomicide,t5_3o6xm
3038,NudeBeach,t5_2udxz
3039,povertyfinance,t5_hcycg
3040,DragonsDogma,t5_2smmb
3041,Dallas,t5_2qnkr
3042,Waxpen,t5_30gcq
3043,UnexpectedThanos,t5_irvp4
3044,Denmark,t5_2qjto
3045,explainlikeimfive,t5_2sokd
3046,Destiny,t5_2qnvz
3047,SonicTheHedgehog,t5_2rh21
3048,kpics,t5_2u4ls
3049,TrumpCriticizesTrump,t5_3jpma
3050,Borderlands2,t5_2spu9
3051,scifi,t5_2qh2z
3052,gifs,t5_2qt55
3053,DeathStranding,t5_3f19t
3054,cemu,t5_3abej
3055,Agraelus,t5_hjh2k
3056,OopsDidntMeanTo,t5_33l0d
3057,FireEmblemHeroes,t5_3imv0
3058,Yogscast,t5_2sg86
3059,cats,t5_2qhta
3060,ChineseLanguage,t5_2qyz1
3061,thepiratebay,t5_2qmon
3062,HPHogwartsMystery,t5_7uzwx
3063,CollegeBasketball,t5_2rj3j
3064,shittysuperpowers,t5_2zgb7
3065,nonononoyes,t5_2xp2p
3066,instantkarma,t5_2ugf9
3067,southafrica,t5_2qney
3068,bodybuilding,t5_2ql8s
3069,KarmaCourt,t5_2v788
3070,velvethippos,t5_v051u
3071,tipofmytongue,t5_2r4oc
3072,Borderlands,t5_2r8cd
3073,AnimalsBeingBros,t5_2wmvy
3074,Catloaf,t5_2z2ak
3075,footballstreams_pl,t5_w1n47
3076,Rainmeter,t5_2s0bb
3077,Hiphopcirclejerk,t5_2suwz
3078,Prematurecelebration,t5_2xkpe
3079,DavidDobrik,t5_3h595
3080,Stadia,t5_xa0lk
3081,SpoiledDragRace,t5_fu4wb
3082,Ubuntu,t5_2qh62
3083,orthotropics,t5_32xps
3084,IndoorGarden,t5_2vyus
3085,gifsthatkeepongiving,t5_39ssk
3086,Choices,t5_2rd24
3087,sydney,t5_2qkob
3088,Louisville,t5_2qqvg
3089,AsianParentStories,t5_2u8j6
3090,Hatfilms,t5_2uvqu
3091,animememes,t5_2tcn0
3092,snackexchange,t5_2rqyn
3093,BeautyBoxes,t5_2uctp
3094,onewordeach,t5_38btp
3095,greysanatomy,t5_2t2vo
3096,breastfeeding,t5_2rdj4
3097,Bitcoin,t5_2s3qj
3098,mistyfront,t5_33fs9
3099,FacebookScience,t5_3ofi2
3100,WhyWereTheyFilming,t5_3fun7
3101,CompetitiveTFT,t5_12v94g
3102,jesuschristouija,t5_3jehd
3103,HVAC,t5_2s8ms
3104,moviescirclejerk,t5_2tfdo
3105,PKA,t5_2u7e8
3106,howto,t5_2qh69
3107,AndroidGaming,t5_2s2ul
3108,Nerf,t5_2qz7g
3109,SwitchNSPs,t5_p35jw
3110,footballhighlights,t5_2w0kc
3111,badhistory,t5_2wo26
3112,blackmirror,t5_2v08h
3113,BeautyGuruChatter,t5_3jayp
3114,gamedev,t5_2qi0a
3115,dragonballfighterz,t5_3ltwg
3116,KHUx,t5_39szw
3117,blackmagicfuckery,t5_3fn31
3118,detroitlions,t5_2rynx
3119,DemocraticSocialism,t5_2vh0v
3120,tennis,t5_2qiq1
3121,chernobyl,t5_2twgu
3122,husky,t5_2roay
3123,brexit,t5_33mm8
3124,ProtectAndServe,t5_2ug10
3125,linux4noobs,t5_2qy7t
3126,Philippines,t5_2qjov
3127,LazarBeam,t5_39ff3
3128,Anarchism,t5_2qh5j
3129,dontdeadopeninside,t5_31t4s
3130,frugalmalefashion,t5_2s8e9
3131,titanfolk,t5_ioe0d
3132,thenetherlands,t5_30hrx
3133,bassnectar,t5_2syh0
3134,FunnyandSad,t5_2z7qd
3135,marvelstudios,t5_2uii8
3136,AmItheAsshole,t5_2xhvq
3137,Metalcore,t5_2rfut
3138,fasting,t5_2s9dh
3139,ACMilan,t5_2rnmt
3140,420,t5_2qlj5
3141,notinteresting,t5_2u0xf
3142,HumansBeingBros,t5_2xh58
3143,confession,t5_2qo2a
3144,selfimprovement,t5_2qmbm
3145,MechanicalKeyboards,t5_2ugo7
3146,antimeme,t5_2titf
3147,leafs,t5_2r8hf
3148,NuclearRevenge,t5_ryjkl
3149,Conservative,t5_2qh6p
3150,sonos,t5_2ucpt
3151,toptalent,t5_3ptyd
3152,SequelMemes,t5_3iiyd
3153,thewalkingdead,t5_2rygv
3154,Surface,t5_2u5h1
3155,InternetIsBeautiful,t5_2ul7u
3156,ArianaGrande,t5_2sk1i
3157,MrRobot,t5_37dnc
3158,Graffiti,t5_2qhxu
3159,BadMensAnatomy,t5_3buf1
3160,RaidShadowLegends,t5_npfgx
3161,islam,t5_2qhbp
3162,BitLifeApp,t5_q3ho0
3163,Hasan_Piker,t5_qs1n3
3164,comedyamputation,t5_9lkjs
3165,malaysia,t5_2qh8b
3166,humblebundles,t5_2xbzi
3167,SuggestALaptop,t5_2s4k5
3168,TenseiSlime,t5_l1j28
3169,tooktoomuch,t5_38aq5
3170,LateStageCapitalism,t5_39qgx
3171,delusionalcraigslist,t5_37ifo
3172,TrueReddit,t5_2qyt6
3173,homeautomation,t5_2s8wn
3174,yourmomshousepodcast,t5_2y920
3175,bindingofisaac,t5_2sxpk
3176,insurgency,t5_2s4cy
3177,pokemon,t5_2qmeb
3178,BMW,t5_2qn3a
3179,darkestdungeon,t5_2znp4
3180,socialanxiety,t5_2r22n
3181,DankLeft,t5_11ga7z
3182,BurningMan,t5_2qj68
3183,PlantBasedDiet,t5_2ud49
3184,DevilMayCry,t5_2tx5b
3185,DDLC,t5_3opwf
3186,rpdrcringe,t5_3aifi
3187,neopets,t5_2r64t
3188,Guildwars2,t5_2r9po
3189,london,t5_2qkog
3190,somethingimade,t5_2r4wt
3191,Harley,t5_2rbr0
3192,RetroFuturism,t5_2repb
3193,Trufemcels,t5_hnz41
3194,AskFeminists,t5_2sode
3195,whatcarshouldIbuy,t5_2ys2t
3196,WiggleButts,t5_2zs5t
3197,HydroHomie,t5_10ez1c
3198,conspiracy,t5_2qh4r
3199,neoliberal,t5_2sfn3
3200,EmpiresAndPuzzles,t5_3f9qx
3201,livesound,t5_2remi
3202,ToiletPaperUSA,t5_3pccn
3203,fullmoviesonyoutube,t5_2vlad
3204,HobbyDrama,t5_k4fie
3205,HPfanfiction,t5_2t100
3206,KimKardashianPics,t5_2uj0t
3207,Shitty_Car_Mods,t5_2wfqt
3208,Mindfulness,t5_2rhel
3209,technews,t5_2qi4j
3210,happycowgifs,t5_3bmyi
3211,DeepIntoYouTube,t5_2wq8b
3212,AITA,t5_37roo
3213,Rammstein,t5_2rxvy
3214,ItTheMovie,t5_3g5dp
3215,xboxinsiders,t5_3hrub
3216,cataclysmdda,t5_2wktw
3217,onguardforthee,t5_3icow
3218,premed,t5_2rlp9
3219,NYKnicks,t5_2rur5
3220,farmingsimulator,t5_2vej0
3221,Guiltygear,t5_2tiga
3222,SuperMegaShow,t5_3ojj2
3223,SeattleWA,t5_2vbli
3224,ainbow,t5_2tcpq
3225,gtaglitches,t5_2z590
3226,LucidDreaming,t5_2r0f4
3227,DeadBedrooms,t5_2t25p
3228,laravel,t5_2uakt
3229,HomeDepot,t5_2tjjm
3230,bald,t5_2sfez
3231,guineapigs,t5_2rqn4
3232,sports,t5_2qgzy
3233,glasgow,t5_2rgo2
3234,RiseofKingdoms,t5_x046w
3235,riskofrain,t5_2wi6h
3236,drawing,t5_2qvp9
3237,UnethicalLifeProTips,t5_3cx36
3238,Habs,t5_2r10m
3239,suspiciouslyspecific,t5_p49x6
3240,WitchesVsPatriarchy,t5_p3r73
3241,swtor,t5_2qxih
3242,whatsthatbook,t5_2w9c6
3243,MTB,t5_2qo3d
3244,Sacramento,t5_2qi09
3245,mildlyinteresting,t5_2ti4h
3246,medical,t5_2r1b9
3247,Daredevil,t5_2rkj7
3248,chelseafc,t5_2rsl6
3249,Hong_Kong,t5_3c1io
3250,muacjdiscussion,t5_342em
3251,Rivenmains,t5_34n26
3252,Cricket,t5_2qhe0
3253,YouFellForItFool,t5_2292pb
3254,JordanPeterson,t5_32jqy
3255,AskAcademia,t5_2sakj
3256,ich_iel,t5_37k29
3257,pcgaming,t5_2qhfg
3258,HomeNetworking,t5_2s4pd
3259,saskatoon,t5_2rbq2
3260,ArtisanVideos,t5_2sbd9
3261,aviation,t5_2qhu8
3262,Memes_Of_The_Dank,t5_3hd4p
3263,melbourne,t5_2qkhb
3264,short,t5_2sgvi
3265,wildlypenis,t5_3361g
3266,gamedesign,t5_2qimq
3267,sadcringe,t5_2wsc9
3268,nanocurrency,t5_4br49
3269,technology,t5_2qh16
3270,AZCardinals,t5_2s58i
3271,PSVR,t5_3102i
3272,todayilearned,t5_2qqjc
3273,Audi,t5_2qr4d
3274,Cigarettes,t5_2qjd2
3275,WOSH,t5_2yslw
3276,FortniteCreative,t5_l9lrn
3277,iamverysmart,t5_2yuej
3278,androidapps,t5_2reen
3279,jennettemccurdy,t5_2sf0h
3280,alberta,t5_2qxon
3281,WhatsWrongWithYourDog,t5_39ht3
3282,weekendgunnit,t5_319b0
3283,Blaze4Days,t5_srfwk
3284,CrappyDesign,t5_2sa3m
3285,circlejerk,t5_2qpol
3286,WackyTicTacs,t5_38vhs
3287,beatsaber,t5_e075w
3288,SelenaGomez,t5_2rvio
3289,riddles,t5_2qiux
3290,RPDRDRAMA,t5_3da7e
3291,nyjets,t5_2s2av
3292,Sneks,t5_30aig
3293,LightNovels,t5_2sloz
3294,wholesomeanimemes,t5_3hk53
3295,NUFC,t5_2s6ya
3296,reloading,t5_2rloq
3297,bouldering,t5_2rb1o
3298,ShinyPokemon,t5_2se9w
3299,mechanical_gifs,t5_2wg6i
3300,Gaming4Gamers,t5_2x2wj
3301,educationalgifs,t5_2w708
3302,wokekids,t5_3ljke
3303,love,t5_2qhnh
3304,aggies,t5_2qyds
3305,PS3,t5_2qhhw
3306,aldi,t5_2tk7r
3307,TalesFromTheFrontDesk,t5_2wlcx
3308,whitepeoplegifs,t5_2vhdb
3309,stephenking,t5_2rce8
3310,HunterXHunter,t5_2spu5
3311,lotr,t5_2rfb9
3312,HistoryAnimemes,t5_r5dw7
3313,CanadianForces,t5_2skgl
3314,hungary,t5_2qzzt
3315,Finanzen,t5_35m5e
3316,DecidingToBeBetter,t5_2tand
3317,HaggardGarage,t5_38rtw
3318,cellbits,t5_ojf8p
3319,Showerthoughts,t5_2szyo
3320,geopolitics,t5_2qhnn
3321,UpvoteBecauseButt,t5_j4hqt
3322,AccidentalRenaissance,t5_32xq7
3323,tolkienfans,t5_2r6jm
3324,Windows10,t5_2u9xs
3325,YoujoSenki,t5_3i2sd
3326,bookshelf,t5_2s9t6
3327,Braves,t5_2s0ok
3328,Tau40K,t5_2y5lg
3329,hiking,t5_2r9om
3330,Residency,t5_2t8qv
3331,windows,t5_2qh3k
3332,WatchandLearn,t5_3mzyx
3333,evangelion,t5_2r6ex
3334,buffalobills,t5_2ra29
3335,ComedyNecrophilia,t5_3j659
3336,49ers,t5_2rebv
3337,summonerswar,t5_324pd
3338,medizzy,t5_aclr0
3339,japancirclejerk,t5_2sttb
3340,CoDCompetitive,t5_2tvg8
3341,stevenuniverse,t5_2viyl
3342,SuccessionTV,t5_3exs8
3343,PeopleBeingJerks,t5_2wnnh
3344,4PanelCringe,t5_2w7us
3345,WarhammerCompetitive,t5_3mrre
3346,spiders,t5_2r1sf
3347,whatsthisbug,t5_2s3bw
3348,AmericanHorrorStory,t5_2spug
3349,MightyHarvest,t5_o75kg
3350,skinwalkers,t5_2x5ns
3351,htgawm,t5_31rdt
3352,TheSilphArena,t5_s9xz4
3353,MCPE,t5_2tu23
3354,travel,t5_2qh41
3355,donaldglover,t5_2scgk
3356,askgaybros,t5_2vgfw
3357,cursedimages,t5_3g7ep
3358,TheOCS,t5_q0suy
3359,ImaginaryMonsters,t5_2sbzt
3360,LatinaCuties,t5_3766j
3361,DrugStashes,t5_2uzcv
3362,Cyberpunk,t5_2qi50
3363,MtvChallenge,t5_32dph
3364,climbing,t5_2qk72
3365,Asiantraps,t5_fg2cu
3366,BreadTube,t5_iezap
3367,archeage,t5_2sf59
3368,Everton,t5_2qpfg
3369,Scrubs,t5_2rs5a
3370,Invisalign,t5_2uslh
3371,SaltLakeCity,t5_2r7ac
3372,legendofkorra,t5_2t4vd
3373,DomesticGirlfriend,t5_lnpae
3374,askwomenadvice,t5_30m5u
3375,thisismylifenow,t5_30wnn
3376,WatchAnimalsDieInside,t5_4cr55
3377,NevilleGoddard,t5_3h5d7
3378,panelshow,t5_2yswq
3379,DissidiaFFOO,t5_dw4n2
3380,untrustworthypoptarts,t5_3hrw9
3381,PerfectTiming,t5_2t7te
3382,LivestreamFail,t5_38jf0
3383,ThatPeelingFeeling,t5_2wmb5
3384,PixelArt,t5_2ql09
3385,RotMG,t5_2s505
3386,Music,t5_2qh1u
3387,Breadit,t5_2s8h0
3388,comics,t5_2qh0s
3389,G59,t5_38c8e
3390,FORTnITE,t5_2t7hh
3391,FuckYouKaren,t5_5r98w
3392,UberEATS,t5_38qlm
3393,orangetheory,t5_39w4v
3394,DCcomics,t5_2qlmm
3395,Lowes,t5_2sxmd
3396,yorku,t5_2s8jd
3397,Blackfellas,t5_2xfe1
3398,rpg_gamers,t5_2su0w
3399,TheOnion,t5_2qhmj
3400,crashbandicoot,t5_2tgip
3401,fermentation,t5_2r23z
3402,MAU3,t5_sflfl
3403,privacy,t5_2qhlc
3404,KimetsuNoYaiba,t5_3foq4
3405,MapleStoryM,t5_3ao8h
3406,furry_irl,t5_3b66u
3407,dbfz,t5_3ltx9
3408,cordcutters,t5_2sa6y
3409,Pathfinder2e,t5_gkc60
3410,therewasanattempt,t5_39ne7
3411,3amjokes,t5_2vc9u
3412,ComedyHitmen,t5_f5u0l
3413,ZoieBurgherOnly,t5_up583
3414,Stellaris,t5_39cuc
3415,CuckoldPsychology,t5_gjm1i
3416,WWEGames,t5_2t9bx
3417,German,t5_2qq51
3418,FL_Studio,t5_2rig0
3419,maisiewilliams,t5_2t8y8
3420,Vent,t5_2qimv
3421,GuildWars,t5_2quyl
3422,tmobile,t5_2shyc
3423,crossfit,t5_2qqfd
3424,BudgetAudiophile,t5_300we
3425,nrl,t5_2qn90
3426,Zoomies,t5_3bd7e
3427,disneymagickingdoms,t5_39l6l
3428,Youniqueamua,t5_3n4el
3429,trailerparkboys,t5_2rbaa
3430,MoreTankieChapo,t5_zk52m
3431,TILI,t5_2zfhy
3432,sarmssourcetalk,t5_lx01k
3433,MilitaryStories,t5_2zwzz
3434,iiiiiiitttttttttttt,t5_2tfln
3435,Formula1Point5,t5_l82eh
3436,geek,t5_2qh17
3437,Pineapplebrat,t5_pcy12
3438,dankchristianmemes,t5_37bil
3439,wholesome,t5_2z9ds
3440,AndroidQuestions,t5_2rtri
3441,WeirdWings,t5_35fvr
3442,ios,t5_2ru5b
3443,Boxing,t5_2qj0l
3444,Berserk,t5_2rru6
3445,tretinoin,t5_31nsz
3446,Futurology,t5_2t7no
3447,Duklock,t5_mh7oh
3448,Fireteams,t5_2zc5x
3449,college,t5_2qh3z
3450,WWE,t5_2rau9
3451,bestoflegaladvice,t5_34iym
3452,DelphiMurders,t5_3jg93
3453,navy,t5_2rg06
3454,CallOfDuty,t5_2rcq2
3455,arduino,t5_2qknj
3456,GTA,t5_2ra77
3457,DMAcademy,t5_3f611
3458,feedthebeast,t5_2v620
3459,nudism,t5_2qs47
3460,electricvehicles,t5_2qwzm
3461,laptops,t5_2qoip
3462,NHLHUT,t5_2yp50
3463,reddeadredemption,t5_2rn7o
3464,MakeupAddiction,t5_2rww2
3465,SonyAlpha,t5_2si08
3466,burdurland,t5_yvsv4
3467,nova,t5_2riyy
3468,aspergers,t5_2rm6u
3469,Calgary,t5_2qn40
3470,flightsim,t5_2qspy
3471,VerifiedFeet,t5_3pacf
3472,Stargate,t5_2qhar
3473,Tinder,t5_2w7mz
3474,SarahRoseMcDaniel,t5_3ceko
3475,Korean,t5_2rd8q
3476,watchpeoplesurvive,t5_2zij4
3477,Charlotte,t5_2qo2j
3478,Warhammer,t5_2qqd4
3479,TopMindsOfReddit,t5_35g9w
3480,bi_irl,t5_3nhfo
3481,VictoriaBC,t5_2rbsy
3482,NatalieRoush,t5_4bnvt
3483,RealBeesFakeTopHats,t5_l7eak
3484,justa,t5_2th39
3485,budgetfood,t5_2si9h
3486,trees,t5_2r9vp
3487,godtiersuperpowers,t5_sowwc
3488,aws,t5_2qh84
3489,magicTCG,t5_2qn5f
3490,reptiles,t5_2qy22
3491,MrBeast,t5_3ey7l
3492,ChargeYourPhone,t5_3293n
3493,gatesopencomeonin,t5_fb2if
3494,juul,t5_3b8j4
3495,MensLib,t5_38jid
3496,TVDetails,t5_3md2n
3497,vanderpumprules,t5_302zw
3498,gay_irl,t5_3j5jx
3499,Filmmakers,t5_2r1ip
3500,MarvelStrikeForce,t5_4bjjb
3501,FreeGamesOnSteam,t5_301ik
3502,TsumTsum,t5_32p6d
3503,HollowKnight,t5_35gpe
3504,wallpaper,t5_2qmjl
3505,gaymers,t5_2s9n5
3506,jackoffconfessions,t5_z7wko
3507,salty,t5_2un3b
3508,Preacher,t5_2z5df
3509,stunfisk,t5_2sn6d
3510,GooglePixel,t5_3aobb
3511,TrueCrimeDiscussion,t5_38ve9
3512,wholesomejojo,t5_nn1fx
3513,Cleveland,t5_2qkh0
3514,Shadowverse,t5_3c35m
3515,pics,t5_2qh0u
3516,k_on,t5_2tpfm
3517,5ToubunNoHanayome,t5_4deoo
3518,trashpandas,t5_392hj
3519,antinatalism,t5_2ro3i
3520,PaleMUA,t5_35iua
3521,cincinnati,t5_2qt1k
3522,My600lbLife,t5_38ycw
3523,WinStupidPrizes,t5_3k2t0
3524,Blep,t5_306sc
3525,Guitar,t5_2qi79
3526,thatHappened,t5_2vmb7
3527,hajimenoippo,t5_2tru3
3528,InclusiveOr,t5_gsy4u
3529,MovieSuggestions,t5_2sqpa
3530,fixit,t5_2rf27
3531,Angryupvote,t5_154xlg
3532,japanlife,t5_2rg2o
3533,MildlyVandalised,t5_3aecc
3534,rs2vietnam,t5_3ee0j
3535,FortniteFashion,t5_jm6y3
3536,LiliheartsssExclusive,t5_10vnr4
3537,bravefrontier,t5_2zich
3538,Naturewasmetal,t5_3ffs7
3539,philosophy,t5_2qh5b
3540,Honda,t5_2qwwd
3541,FashionReps,t5_31hcv
3542,AngieVarona,t5_2sgp7
3543,feminineboys,t5_2vmuo
3544,nbadiscussion,t5_3cw3x
3545,progmetal,t5_2s3pe
3546,Costco,t5_2rsgr
3547,GameTheorists,t5_2ycad
3548,Chromecast,t5_2xz02
3549,PersonalFinanceCanada,t5_2tasy
3550,2007scape,t5_2wbww
3551,ChoosingBeggars,t5_35fmc
3552,witcher,t5_2sebi
3553,Firearms,t5_2ryez
3554,asmr,t5_2sbyc
3555,FixedGearBicycle,t5_2qo7a
3556,Tekken,t5_2s7yn
3557,scriptedasiangifs,t5_fhqei
3558,femboy,t5_2titd
3559,australia,t5_2qh8e
3560,SupermodelCats,t5_3iblf
3561,GunPorn,t5_2sey3
3562,discordapp,t5_388p4
3563,sugarlifestyleforum,t5_320gp
3564,shockwaveporn,t5_2w5p8
3565,techsupport,t5_2qioo
3566,gif,t5_2qmfx
3567,Nepal,t5_2qs6h
3568,chromeos,t5_2r1wh
3569,Bioshock,t5_2shl2
3570,prey,t5_2vg16
3571,Wellthatsucks,t5_2xcv7
3572,PuzzleAndDragons,t5_2w23a
3573,Eesti,t5_2rffn
3574,StarWarsBattlefront,t5_2u9wz
3575,Hair,t5_2qmsf
3576,woweconomy,t5_2v9u2
3577,indieheads,t5_2zj24
3578,bootyshorts,t5_2ya2v
3579,etymology,t5_2qspe
3580,hockey,t5_2qiel
3581,SWGalaxyOfHeroes,t5_39umt
3582,alexandradaddario,t5_2trnr
3583,boxoffice,t5_2r1ky
3584,NewOrleans,t5_2qhp5
3585,DoesAnybodyElse,t5_2r5vt
3586,bikewrench,t5_2sje0
3587,GoodFakeTexts,t5_346m5
3588,Instagram,t5_2seh9
3589,WearOS,t5_gmj07
3590,gratefuldead,t5_2qpnj
3591,Midsommar,t5_r04sf
3592,SFr4r,t5_2st8u
3593,Nirvana,t5_2qman
3594,skeptic,t5_2qj8f
3595,JoeRogan,t5_2s4tv
3596,FreeEBOOKS,t5_2r61s
3597,Stepdadreflexes,t5_3etws
3598,math,t5_2qh0n
3599,SubsYouFellFor,t5_gu1ut
3600,Beastars,t5_3n607
3601,girlsfrontline,t5_3fqx5
3602,IBO,t5_2s05l
3603,BlackClover,t5_36udu
3604,TeamfightTactics,t5_1136aw
3605,Wizard101,t5_2su2m
3606,projectcar,t5_2u3k5
3607,rarepuppers,t5_3b749
3608,LuLaNo,t5_a8u29
3609,theyknew,t5_3bnq6
3610,ScottishPeopleTwitter,t5_3abi4
3611,bayarea,t5_2qjyy
3612,titlegore,t5_2y3gz
3613,Piracy,t5_2qmox
3614,RebornDollCringe,t5_htj14
3615,NarcissisticAbuse,t5_2ys1m
3616,GoneMildPlus,t5_30lpm
3617,nier,t5_2w4iz
3618,Cruise,t5_2qm8s
3619,ethereum,t5_2zf9m
3620,specializedtools,t5_36ybr
3621,SSSniperWolf_Pics,t5_h9se9
3622,JennaLynnMeowri,t5_daph7
3623,EnoughLibertarianSpam,t5_2tzlb
3624,baldursgate,t5_2t07j
3625,WizardsUnite,t5_3i9t9
3626,teefies,t5_37h6s
3627,guitarpedals,t5_2r0bp
3628,beatles,t5_2qt7l
3629,BatmanArkham,t5_2y9q4
3630,Jokes,t5_2qh72
3631,DenverBroncos,t5_2s51j
3632,Cardinals,t5_2r7tu
3633,terriblefacebookmemes,t5_2tja6
3634,findareddit,t5_2sey6
3635,crafts,t5_2r187
3636,WeEatBees,t5_j7p5u
3637,udub,t5_2razk
3638,ACPocketCamp,t5_3pg1s
3639,GODZILLA,t5_2ruhk
3640,self,t5_2qh96
3641,MLBStreams,t5_33tnq
3642,AraAra,t5_1133hd
3643,UCSD,t5_2r6sq
3644,tippytaps,t5_3frqi
3645,offlineTV,t5_3mg5i
3646,absolutelynotmeirl,t5_3c02l
3647,ynab,t5_2vqaa
3648,Gymnastics,t5_2r0th
3649,JohnMayer,t5_2s156
3650,creepyencounters,t5_37xoh
3651,conspiracytheories,t5_2t3lf
3652,FinalSpace,t5_3e2el
3653,android_beta,t5_wij63
3654,rolex,t5_2qy0y
3655,CODZombies,t5_2sal9
3656,blurrypicturesofcats,t5_3imk3
3657,GCSE,t5_2u3gk
3658,iamverybadass,t5_386om
